0.02598019695882598,-0.372373346729583,0.9914835719064953
0.03598019695882597,-0.36237334672958266,0.9914835719064953
0.04598019695882593,-0.35237334672958154,0.9914835719064953
0.05598019695882595,-0.34237334672958375,0.9914835719064953
0.06598019695882591,-0.33237334672958196,0.9914835719064953
0.07598019695882596,-0.3223733467295832,0.9914835719064953
0.08598019695882589,-0.31237334672958295,0.9914835719064953
0.09598019695882593,-0.30237334672958277,0.9914835719064953
0.10598019695882595,-0.292373346729583,0.9914835719064953
0.11598019695882593,-0.2823733467295827,0.9914835719064953
leg_cad.ply,0.02742412307579039,-0.1962321868415519,0.9862977735820398
leg_cad.ply,0.0374241230757904,-0.18623218684155207,0.9862977735820398
leg_cad.ply,0.047424123075790414,-0.17623218684155142,0.9862977735820398
leg_cad.ply,0.05742412307579038,-0.1662321868415516,0.9862977735820398
leg_cad.ply,0.06742412307579039,-0.15623218684155143,0.9862977735820398
leg_cad.ply,0.07742412307579045,-0.14623218684155107,0.9862977735820398
leg_cad.ply,0.0874241230757904,-0.13623218684155122,0.9862977735820398
leg_cad.ply,0.0974241230757904,-0.12623218684155185,0.9862977735820398
leg_cad.ply,0.10742412307579037,-0.11623218684155141,0.9862977735820398
leg_cad.ply,0.11742412307579045,-0.10623218684155164,0.9862977735820398
leg_cad.ply,0.12742412307579037,-0.09623218684155135,0.9862977735820398
leg_cad.ply,0.1374241230757904,-0.08623218684155176,0.9862977735820398
leg_cad.ply,0.14742412307579042,-0.07623218684155135,0.9862977735820398
leg_cad.ply,0.1574241230757905,-0.06623218684155145,0.9862977735820398
leg_cad.ply,0.017360215484928932,-0.20596612747533433,0.9762717486129813
leg_cad.ply,0.017360215484928932,-0.20596612747533433,0.9762717486129813
leg_cad.ply,0.017360215484928932,-0.20596612747533433,0.9762717486129813
leg_cad.ply,0.017360215484928932,-0.20596612747533433,0.9762717486129813
leg_cad.ply,0.017360215484928932,-0.20596612747533433,0.9762717486129813
leg_cad.ply,0.017360215484928932,-0.20596612747533433,0.9762717486129813
leg_cad.ply,0.017360215484928932,-0.20596612747533433,0.9762717486129813
leg_cad.ply,0.017360215484928932,-0.20596612747533433,0.9762717486129813
leg_cad.ply,0.017360215484928932,-0.20596612747533433,0.9762717486129813
leg_cad.ply,0.017360215484928932,-0.20596612747533433,0.9762717486129813
leg_cad.ply,0.017360215484928932,-0.20596612747533433,0.9762717486129813
leg_cad.ply,0.017360215484928932,-0.20596612747533433,0.9762717486129813
leg_cad.ply,0.017360215484928932,-0.20596612747533433,0.9762717486129813
leg_cad.ply,0.017360215484928932,-0.20596612747533433,0.9762717486129813
leg_cad.ply,0.017360215484928932,-0.20596612747533433,0.9762717486129813
leg_cad.ply,0.017360215484928932,-0.20596612747533433,0.9762717486129813
leg_cad.ply,0.017360215484928932,-0.20596612747533433,0.9762717486129813
leg_cad.ply,0.017360215484928932,-0.20596612747533433,0.9762717486129813
leg_cad.ply,0.017360215484928932,-0.20596612747533433,0.9762717486129813
leg_cad.ply,0.017360215484928932,-0.20596612747533433,0.9762717486129813
leg_cad.ply,0.017360215484928932,-0.20596612747533433,0.9762717486129813
leg_cad.ply,0.017360215484928932,-0.20596612747533433,0.9762717486129813
leg_cad.ply,0.017360215484928932,-0.20596612747533433,0.9762717486129813
leg_cad.ply,0.017360215484928932,-0.20596612747533433,0.9762717486129813
leg_cad.ply,0.017360215484928932,-0.20596612747533433,0.9762717486129813
leg_cad.ply,0.017360215484928932,-0.20596612747533433,0.9762717486129813
leg_cad.ply,0.017360215484928932,-0.20596612747533433,0.9762717486129813
leg_cad.ply,0.017360215484928932,-0.20596612747533433,0.9762717486129813
leg_cad.ply,0.017360215484928932,-0.20596612747533433,0.9762717486129813
leg_cad.ply,0.017360215484928932,-0.20596612747533433,0.9762717486129813
leg_cad.ply,0.017360215484928932,-0.20596612747533433,0.9762717486129813
leg_cad.ply,0.017360215484928932,-0.20596612747533433,0.9762717486129813
leg_cad.ply,0.017360215484928932,-0.20596612747533433,0.9762717486129813
leg_cad.ply,0.017360215484928932,-0.20596612747533433,0.9762717486129813
leg_cad.ply,0.017360215484928932,-0.20596612747533433,0.9762717486129813
leg_cad.ply,0.017360215484928932,-0.20596612747533433,0.9762717486129813
leg_cad.ply,0.017360215484928932,-0.20596612747533433,0.9762717486129813
leg_cad.ply,0.015664972922846163,-0.38192926828551776,0.8898114080605383
leg_cad.ply,0.015664972922846163,-0.38192926828551776,0.8898114080605383
leg_cad.ply,0.015664972922846163,-0.38192926828551776,0.8898114080605383
leg_cad.ply,0.015664972922846163,-0.38192926828551776,0.8898114080605383
leg_cad.ply,0.015664972922846163,-0.38192926828551776,0.8898114080605383
leg_cad.ply,0.015664972922846163,-0.38192926828551776,0.8898114080605383
leg_cad.ply,0.015664972922846163,-0.38192926828551776,0.8898114080605383
leg_cad.ply,0.015664972922846163,-0.38192926828551776,0.8898114080605383
leg_cad.ply,0.015664972922846163,-0.38192926828551776,0.8898114080605383
leg_cad.ply,0.015664972922846163,-0.38192926828551776,0.8898114080605383
leg_cad.ply,0.015664972922846163,-0.38192926828551776,0.8898114080605383
leg_cad.ply,0.017483320223706043,-0.18626879770323057,0.8845999012918623
leg_cad.ply,0.01748332022370604,-0.1862687977032306,0.8845999012918623
leg_cad.ply,0.01748332022370604,-0.1862687977032306,0.8845999012918623
leg_cad.ply,0.017483320223706043,-0.18626879770323057,0.8845999012918623
leg_cad.ply,0.01748332022370604,-0.1862687977032306,0.8845999012918623
leg_cad.ply,0.01748332022370604,-0.1862687977032306,0.8845999012918623
leg_cad.ply,0.01748332022370604,-0.1862687977032306,0.8845999012918623
leg_cad.ply,0.01748332022370604,-0.1862687977032306,0.8845999012918623
leg_cad.ply,0.01748332022370604,-0.1862687977032306,0.8845999012918623
leg_cad.ply,0.017515267291998152,-0.18644542420918428,0.8857866434197476
leg_cad.ply,0.017515267291998152,-0.18644542420918428,0.8857866434197476
leg_cad.ply,0.017515267291998152,-0.18644542420918428,0.8857866434197476
leg_cad.ply,0.01751526729199815,-0.18644542420918428,0.8857866434197476
leg_cad.ply,0.017515267291998152,-0.18644542420918428,0.8857866434197476
leg_cad.ply,0.017515267291998152,-0.18644542420918428,0.8857866434197476
leg_cad.ply,0.01751526729199815,-0.18644542420918428,0.8857866434197476
leg_cad.ply,0.01751526729199815,-0.18644542420918428,0.8857866434197476
leg_cad.ply,0.017515267291998152,-0.18644542420918428,0.8857866434197476
leg_cad.ply,0.01751526729199815,-0.18644542420918428,0.8857866434197476
leg_cad.ply,0.017515267291998152,-0.18644542420918428,0.8857866434197476
leg_cad.ply,0.01751526729199815,-0.18644542420918428,0.8857866434197476
leg_cad.ply,0.017515267291998152,-0.18644542420918428,0.8857866434197476
leg_cad.ply,0.017515267291998152,-0.18644542420918428,0.8857866434197476
leg_cad.ply,0.017515267291998152,-0.18644542420918428,0.8857866434197476
leg_cad.ply,0.017515267291998152,-0.18644542420918428,0.8857866434197476
leg_cad.ply,0.01751526729199815,-0.18644542420918428,0.8857866434197476
leg_cad.ply,0.017515267291998152,-0.18644542420918428,0.8857866434197476
leg_cad.ply,0.01751526729199815,-0.18644542420918428,0.8857866434197476
leg_cad.ply,0.37339598444441074,-0.2451509021349887,-1.5419764230904953e-19
leg_cad.ply,0.07123049926120817,-0.05771545179860581,-6.167905692361981e-19
leg_cad.ply,0.39100819821571364,-0.0723203869558532,-2.0559685641206603e-19
leg_cad.ply,0.2570170318916667,-0.15612411143623356,-1.5419764230904953e-19
leg_cad.ply,0.48629475764549474,-0.09649563829199907,-1.5419764230904953e-19
leg_cad.ply,0.5006641332150479,-0.20668103974366378,-1.5419764230904953e-19
leg_cad.ply,0.16146663459869434,-0.1156953600129936,-2.0559685641206603e-19
leg_cad.ply,0.16888087757377562,-0.15284140781067773,-2.0559685641206603e-19
leg_cad.ply,0.5008908186771054,-0.06836401956672714,-1.5419764230904953e-19
leg_cad.ply,0.18112790408045462,-0.06483958392054799,-2.0559685641206603e-19
leg_cad.ply,0.14804301350509128,-0.2393111391564817,2.569960705150825e-19
leg_cad.ply,0.13821374225044403,-0.10098416889742126,-4.1119371282413207e-19
leg_cad.ply,0.2721945208620975,-0.20627549005900173,-4.1119371282413207e-19
leg_cad.ply,0.020065958790841328,-0.22974328299786825,-4.1119371282413207e-19
leg_cad.ply,0.4207368952334489,-0.12434537344015069,-4.1119371282413207e-19
leg_cad.ply,0.13795770730299275,-0.16015271127057046,-4.1119371282413207e-19
leg_cad.ply,0.16820243559120102,-0.1729538958650546,-1.3877787807814458e-18
leg_cad.ply,0.17392775748944614,-0.1453233519737713,1.2335811384723962e-18
leg_cad.ply,0.10873720352845831,-0.18063816471442934,8.223874256482641e-19
leg_cad.ply,0.46019141866236996,-0.24372874885713433,-9.765850679573137e-19
leg_cad.ply,0.48071976444299713,-0.0601038899515421,-5.653913551331816e-19
leg_cad.ply,0.19643794903713785,-0.038417436869583245,-5.653913551331816e-19
leg_cad.ply,0.31126009259578463,-0.024020083079087394,-1.5419764230904953e-19
leg_cad.ply,0.2531454452375089,-0.23400211929683545,-1.5419764230904953e-19
leg_cad.ply,0.23164454471815146,-0.22249009080681095,-1.5419764230904953e-19
leg_cad.ply,0.4681063691477595,-0.13871814767055524,-1.5419764230904953e-19
leg_cad.ply,0.2355104802145695,-0.1054866198964129,4.1119371282413207e-19
leg_cad.ply,0.15098496053731827,-0.10625772940854444,4.1119371282413207e-19
leg_cad.ply,0.272584431060182,-0.03362398369412892,4.1119371282413207e-19
leg_cad.ply,0.4282311631617347,-0.056913762598635884,4.1119371282413207e-19
leg_cad.ply,0.4253744175529257,-0.12927351446408944,4.1119371282413207e-19
leg_cad.ply,0.002800754988716296,-0.00542720949005345,0.0
leg_cad.ply,0.4151768196220587,-0.23876758514337448,1.2849803525754126e-18
leg_cad.ply,0.3083589472096759,-0.02047896208836782,5.13992141030165e-19
leg_cad.ply,0.023237880807219433,-0.17222484004694194,5.13992141030165e-19
leg_cad.ply,0.11730565558431204,-0.150697716516126,2.569960705150825e-19
leg_cad.ply,0.2359145325588712,-0.011184905902605347,-3.0839528461809905e-19
leg_cad.ply,0.31287581273478626,-0.027632502266197442,5.13992141030165e-19
leg_cad.ply,0.14978729333514967,-0.1216138159066564,-3.0839528461809905e-19
leg_cad.ply,0.18268266731446278,-0.0012272353587314928,5.139921410301651e-20
leg_cad.ply,0.5002428680209109,-0.12697233780287503,-3.0839528461809905e-19
leg_cad.ply,0.17201868364012157,-0.21289556366182516,-3.0839528461809905e-19
leg_cad.ply,0.07234076559875255,-0.0681923037260726,-3.5979449872111554e-19
leg_cad.ply,0.16314444013981225,-0.13028569544312674,5.139921410301651e-20
leg_cad.ply,0.266749520560534,-0.061561017216752396,5.139921410301651e-20
leg_cad.ply,0.023337976805348538,-0.07533485220367403,5.139921410301651e-20
leg_cad.ply,0.19574552396101447,-0.15405229676843127,5.139921410301651e-20
leg_cad.ply,0.2947329797177248,-0.02091134551520524,1.0279842820603302e-19
leg_cad.ply,0.3026757456895099,-0.11574997245273067,-5.653913551331816e-19
leg_cad.ply,0.3221132419734708,-0.06922787487591307,1.0793834961633467e-18
leg_cad.ply,0.10776312425218733,-0.08093924748943962,6.167905692361981e-19
leg_cad.ply,0.29974775709163454,-0.1503150640439712,2.0559685641206603e-19
leg_cad.ply,0.20401747412143703,-0.1102670551208965,2.0559685641206603e-19
leg_cad.ply,0.16287519066977107,-0.011145740204160192,-1.3877787807814458e-18
leg_cad.ply,0.004860385968640806,-0.011009205859521079,-1.5419764230904953e-19,2024-11-24 01:50:48
leg_cad.ply,0.1633909880295275,-0.05759990591315797,-1.5419764230904953e-19,2024-11-24 01:50:51
leg_cad.ply,0.009647130255542556,-0.042537003277192204,-1.5419764230904953e-19,2024-11-24 01:50:52
leg_cad.ply,0.03490382892760579,-0.06207204362565813,-1.5419764230904953e-19,2024-11-24 01:50:52
leg_cad.ply,0.025970717851499153,-0.03483987685278349,-1.5419764230904953e-19,2024-11-24 01:50:53
leg_cad.ply,0.138472755991234,-0.048190579457936075,-1.5419764230904953e-19,2024-11-24 01:50:53
leg_cad.ply,0.06311899619704188,-0.02710019444161088,-1.5419764230904953e-19,2024-11-24 01:50:53
leg_cad.ply,0.013380116799422597,-0.05110355130038321,-2.0559685641206603e-19,2024-11-24 01:50:53
leg_cad.ply,0.17207254600068256,-0.03192077429775916,-2.0559685641206603e-19,2024-11-24 01:50:53
leg_cad.ply,0.1151548476518771,-0.026707312160991117,-2.0559685641206603e-19,2024-11-24 01:50:53
leg_cad.ply,0.10671380365866248,-0.0013136280878403087,-1.5419764230904953e-19,2024-11-24 01:50:54
leg_cad.ply,0.03795814569953801,-0.002960823668489627,-1.5419764230904953e-19,2024-11-24 01:50:54
leg_cad.ply,0.11874944620196856,-0.008459229741313298,-1.5419764230904953e-19,2024-11-24 01:50:54
leg_cad.ply,0.08198406504043208,-0.06532582849140178,-2.0559685641206603e-19,2024-11-24 01:50:54
leg_cad.ply,0.20671592420695195,-0.14179332426059135,-1.5419764230904953e-19,2024-11-24 01:56:11
leg_cad.ply,0.3190863180105339,-0.08308477341202153,5.13992141030165e-19,2024-11-24 01:56:11
leg_cad.ply,0.1250779162096108,-0.1995750999574324,1.0279842820603302e-19,2024-11-24 01:56:12
leg_cad.ply,0.07754629874175675,-0.0545091948811398,-7.709882115452476e-19,2024-11-24 01:56:12
leg_cad.ply,0.220848771726268,-0.13490913931177725,-7.709882115452476e-19,2024-11-24 01:56:12
leg_cad.ply,0.14230832496835388,-0.1202958220640451,8.223874256482641e-19,2024-11-24 01:56:12
leg_cad.ply,0.27397102299777415,-0.010400337564315552,-7.709882115452476e-19,2024-11-24 01:56:12
leg_cad.ply,0.054350298355146966,-0.13536006587371247,-7.709882115452476e-19,2024-11-24 01:56:13
leg_cad.ply,0.04671135672384625,-0.2479699079478049,-1.5419764230904953e-19,2024-11-24 02:24:34
leg_cad.ply,0.32736393261321867,-0.11555739450001858,-1.5419764230904953e-19,2024-11-24 02:24:35
leg_cad.ply,0.0720195150179621,-0.020096370332094854,-1.5419764230904953e-19,2024-11-24 02:24:35
leg_cad.ply,0.07479208835549907,-0.16626030483640414,-1.5419764230904953e-19,2024-11-24 02:26:06
leg_cad.ply,0.18047472678546042,-0.046627157690075784,5.13992141030165e-19,2024-11-24 02:26:07
leg_cad.ply,0.18839922896574327,-0.20952092904788622,1.0279842820603302e-19,2024-11-24 02:26:07
leg_cad.ply,0.27251556942957766,-0.27742001532278665,-1.5419764230904953e-19,2024-11-24 07:55:12
leg_cad.ply,0.254089061207322,-0.03365502640544643,-1.5419764230904953e-19,2024-11-24 07:55:13
leg_cad.ply,0.125044067756217,-0.22125884810338028,-1.5419764230904953e-19,2024-11-24 07:55:13
leg_cad.ply,0.012347306865662303,-0.00014053212220731237,-1.5419764230904953e-19,2024-11-24 07:55:13
leg_cad.ply,0.040834674362501315,-0.2607151351133762,-1.5419764230904953e-19,2024-11-24 07:55:13
leg_cad.ply,0.2695940540896513,-0.019659470616705803,5.13992141030165e-19,2024-11-24 07:55:13
leg_cad.ply,0.24300867660082487,-0.02073424003523086,1.0279842820603302e-19,2024-11-24 07:55:14
leg_cad.ply,0.08078484216625534,-0.24417935311517697,1.0279842820603302e-19,2024-11-24 07:55:14
leg_cad.ply,0.19897115135248836,-0.11889906563679431,-5.653913551331816e-19,2024-11-24 07:55:14
leg_cad.ply,0.10309568407191318,-0.1023604307129682,-1.5419764230904953e-19,2024-11-24 07:55:14
leg_cad.ply,0.14180006450984065,-0.14695791788555776,-1.5419764230904953e-19,2024-11-24 07:55:14
leg_cad.ply,0.2507031766058374,-0.27751121420388086,-6.167905692361981e-19,2024-11-24 07:55:15
leg_cad.ply,0.03603429294782023,-0.005651138736673651,-2.0559685641206603e-19,2024-11-24 07:55:15
leg_cad.ply,0.08474649419746205,-0.18281072202369117,-2.0559685641206603e-19,2024-11-24 07:55:15
leg_cad.ply,0.029316224772971255,-0.18662716185038583,-1.2335811384723962e-18,2024-11-24 07:55:15
leg_cad.ply,0.2429875835282656,-0.27404159492970415,-1.5419764230904953e-19,2024-11-24 07:55:15
leg_cad.ply,0.25413736358143296,-0.2771752946073112,0.0,2024-11-24 07:55:16
leg_cad.ply,0.03957920392337999,-0.12478356578842335,0.0,2024-11-24 07:55:16
leg_cad.ply,0.212170784088128,-0.09206717873804092,0.0,2024-11-24 07:55:16
leg_cad.ply,0.16016252989816682,-0.0363507076216242,0.0,2024-11-24 07:55:16
leg_cad.ply,0.005604858033818184,-0.31238644002702115,-1.5419764230904953e-19,2024-11-24 08:08:48
leg_cad.ply,0.11184953173333484,-0.17184766481882646,-1.5419764230904953e-19,2024-11-24 08:08:48
leg_cad.ply,0.03968172945429443,-0.31817838494915357,-1.5419764230904953e-19,2024-11-24 08:08:49
leg_cad.ply,0.2972683013155374,-0.13123485850125124,-1.5419764230904953e-19,2024-11-24 08:08:49
leg_cad.ply,0.31811654172222414,-0.2796830317647396,-1.5419764230904953e-19,2024-11-24 08:08:49
leg_cad.ply,0.1918408573572603,-0.14845409538199567,-1.5419764230904953e-19,2024-11-24 08:08:49
leg_cad.ply,0.050625164541917796,-0.03340638237624364,-6.167905692361981e-19,2024-11-24 08:08:49
leg_cad.ply,0.3164128749711484,-0.2680807861015203,-2.0559685641206603e-19,2024-11-24 08:08:50
leg_cad.ply,0.1661093027654015,-0.11445669235021784,-2.0559685641206603e-19,2024-11-24 08:08:50
leg_cad.ply,0.03418544183354489,-0.2716612267427958,-2.0559685641206603e-19,2024-11-24 08:08:50
leg_cad.ply,0.4177528996734699,-0.27285404030290306,-2.0559685641206603e-19,2024-11-24 08:08:50
leg_cad.ply,0.15138338361867773,-0.2810751593622744,-2.0559685641206603e-19,2024-11-24 08:08:50
leg_cad.ply,0.14955159432932905,-0.08206626978773933,-2.0559685641206603e-19,2024-11-24 08:08:50
leg_cad.ply,0.28824328696628726,-0.20894061273711195,-2.0559685641206603e-19,2024-11-24 08:08:51
leg_cad.ply,0.1733239365339076,-0.2107211558542363,-2.0559685641206603e-19,2024-11-24 08:08:51
leg_cad.ply,0.31795687844869386,-0.05922976585819241,-2.0559685641206603e-19,2024-11-24 08:08:51
leg_cad.ply,0.21944657071677476,-0.24021648184990832,-2.0559685641206603e-19,2024-11-24 08:08:51
leg_cad.ply,0.1244527503363807,-0.2585141336637087,-2.0559685641206603e-19,2024-11-24 08:08:51
leg_cad.ply,0.3496268222006161,-0.19532416597300611,-2.0559685641206603e-19,2024-11-24 08:08:52
leg_cad.ply,0.22603594854424064,-0.2901165186108265,-2.0559685641206603e-19,2024-11-24 08:08:52
leg_cad.ply,0.07011523172029825,-0.28771462836324546,-9.765850679573137e-19,2024-11-24 08:08:52
leg_cad.ply,0.34610634470977175,-0.24620505842563434,-5.653913551331816e-19,2024-11-24 08:08:52
leg_cad.ply,0.11148903903277342,-0.13964418142973375,-4.1119371282413207e-19,2024-11-24 08:08:53
leg_cad.ply,0.3912710514148826,-0.058654285083780795,-5.653913551331816e-19,2024-11-24 08:08:53
leg_cad.ply,0.2752449445056024,-0.19113455185284955,-5.653913551331816e-19,2024-11-24 08:08:53
leg_cad.ply,0.20052661364829308,-0.32566023716957043,-1.5419764230904953e-19,2024-11-24 08:08:53
leg_cad.ply,0.032094061508811514,-0.27999602183962163,-1.5419764230904953e-19,2024-11-24 08:08:53
leg_cad.ply,0.37634787069236747,-0.2376179177977676,-1.5419764230904953e-19,2024-11-24 08:08:53
leg_cad.ply,0.13681119215021162,-0.11185161456681793,-1.5419764230904953e-19,2024-11-24 08:08:54
leg_cad.ply,0.19304057361162588,-0.18713990626846552,-1.5419764230904953e-19,2024-11-24 08:08:54
leg_cad.ply,0.03405376496751931,-0.11734823898172658,6.167905692361981e-19,2024-11-24 08:08:54
leg_cad.ply,0.04908079852494721,-0.3344116120424515,2.0559685641206603e-19,2024-11-24 08:08:54
leg_cad.ply,0.1592919468486368,-0.254316904125009,6.681897833392146e-19,2024-11-24 08:08:54
leg_cad.ply,0.2611542272014679,-0.16110828247756614,2.569960705150825e-19,2024-11-24 08:08:55
leg_cad.ply,0.09730589660979062,-0.2026632397551805,2.569960705150825e-19,2024-11-24 08:08:55
leg_cad.ply,0.2732821060221568,-0.18908284250353,2.569960705150825e-19,2024-11-24 08:08:55
leg_cad.ply,0.4349230505094211,-0.04318975866452179,5.139921410301651e-20,2024-11-24 08:08:55
leg_cad.ply,0.3177128770007534,-0.21486654995693716,5.139921410301651e-20,2024-11-24 08:08:55
leg_cad.ply,0.3049784780039936,-0.026887570473862327,1.2335811384723962e-18,2024-11-24 08:08:56
leg_cad.ply,0.19081039469089053,-0.2073525817085289,1.2335811384723962e-18,2024-11-24 08:08:56
leg_cad.ply,0.39623476956745873,-0.22512364037346527,8.223874256482641e-19,2024-11-24 08:08:56
leg_cad.ply,0.23209439792894684,-0.27110904914142764,8.223874256482641e-19,2024-11-24 08:08:56
leg_cad.ply,0.2654034310089231,-0.2476072445889458,8.223874256482641e-19,2024-11-24 08:08:56
leg_cad.ply,0.19284635996264696,-0.2550091128666723,6.681897833392146e-19,2024-11-24 08:08:57
leg_cad.ply,0.46553127263525534,-0.3065625057369487,0.0,2024-11-24 08:08:57
leg_cad.ply,0.0412879929285912,-0.08342256378910351,-3.5979449872111554e-19,2024-11-24 08:08:57
leg_cad.ply,0.09203001858744508,-0.30113093481110087,-3.5979449872111554e-19,2024-11-24 08:08:57
leg_cad.ply,0.47596123299329873,-0.3374722044903684,-3.5979449872111554e-19,2024-11-24 08:08:57
leg_cad.ply,0.31272624838753765,-0.2688433803037208,5.13992141030165e-19,2024-11-24 08:08:58
leg_cad.ply,0.31974820526843173,-0.10655883142379471,5.13992141030165e-19,2024-11-24 08:08:58
leg_cad.ply,0.1821232607651059,-0.05369457352604307,-3.5979449872111554e-19,2024-11-24 08:08:58
leg_cad.ply,0.15903069718195184,-0.09254073136996144,-3.5979449872111554e-19,2024-11-24 08:08:59
leg_cad.ply,0.013507090597741347,-0.2630391643746028,-3.5979449872111554e-19,2024-11-24 08:08:59
leg_cad.ply,0.32208185766405606,-0.1780410193278611,-3.5979449872111554e-19,2024-11-24 08:09:00
leg_cad.ply,0.26808240720007864,-0.03551435655213006,1.3363795666784292e-18,2024-11-24 08:09:00
leg_cad.ply,0.11386632271047231,-0.28763910516247904,5.13992141030165e-19,2024-11-24 08:09:00
leg_cad.ply,0.27295186758278717,-0.2562909803316989,1.0279842820603302e-19,2024-11-24 08:09:00
leg_cad.ply,0.15057748364673265,-0.19787286196109374,1.0279842820603302e-19,2024-11-24 08:09:00
leg_cad.ply,0.27466753849719644,-0.03158328330907292,-3.5979449872111554e-19,2024-11-24 08:09:01
leg_cad.ply,0.1051067199769191,-0.1458422101100904,-3.5979449872111554e-19,2024-11-24 08:09:01
leg_cad.ply,0.27395808592598386,-0.06142426674893338,-3.5979449872111554e-19,2024-11-24 08:09:01
leg_cad.ply,0.21445116789921412,-0.10028068380596522,-3.5979449872111554e-19,2024-11-24 08:09:01
leg_cad.ply,0.47267239999151706,-0.08837275139301451,-3.5979449872111554e-19,2024-11-24 08:09:02
leg_cad.ply,0.29573007095548637,-0.28410517443655925,9.251858538542971e-19,2024-11-24 08:09:02
leg_cad.ply,0.30578534515723554,-0.3082046630047502,2.569960705150825e-19,2024-11-24 08:09:02
leg_cad.ply,0.1314014670746057,-0.15425445728417736,2.569960705150825e-19,2024-11-24 08:09:02
leg_cad.ply,0.21908796843867603,-0.015051801901802409,-5.653913551331816e-19,2024-11-24 08:09:03
leg_cad.ply,0.36797667830573083,-0.2899950364494667,2.569960705150825e-19,2024-11-24 08:09:03
leg_cad.ply,0.03704602588129824,-0.2676041187447927,-1.5419764230904953e-19,2024-11-24 08:09:03
leg_cad.ply,0.3715119566053341,-0.037275707748770745,-1.5419764230904953e-19,2024-11-24 08:09:03
leg_cad.ply,0.3697094444400689,-0.3332522573498886,3.752142629520205e-18,2024-11-24 08:09:04
leg_cad.ply,0.14517422851570747,-0.15551705579582242,-3.7007434154171884e-18,2024-11-24 08:09:04
leg_cad.ply,0.356015430559803,-0.2719641653234233,3.752142629520205e-18,2024-11-24 08:09:04
leg_cad.ply,0.4227855164359399,-0.06528255006754985,6.681897833392146e-19,2024-11-24 08:09:04
leg_cad.ply,0.08789366076592964,-0.1320597175552103,2.0559685641206603e-19,2024-11-24 08:09:05
leg_cad.ply,0.3138267686339557,-0.30632472262417915,-4.1119371282413207e-19,2024-11-24 08:09:05
leg_cad.ply,0.00854000870806337,-0.21334760628139934,2.569960705150825e-19,2024-11-24 08:09:05
leg_cad.ply,0.1336919457720235,-0.22911798994775073,1.0279842820603302e-19,2024-11-24 08:09:05
leg_cad.ply,0.4712048059273704,-0.004579893527515519,2.569960705150825e-19,2024-11-24 08:09:05
leg_cad.ply,0.18964260657500936,-0.19304400806406624,-5.653913551331816e-19,2024-11-24 08:09:06
leg_cad.ply,0.3433392448134426,-0.10202537317364992,6.681897833392146e-19,2024-11-24 08:09:06
leg_cad.ply,0.04608950664899632,-0.12244443676488802,-5.653913551331816e-19,2024-11-24 08:09:06
leg_cad.ply,0.4641011941748733,-0.22297717544021894,-1.5419764230904953e-19,2024-11-24 08:09:06
leg_cad.ply,0.2039153657624127,-0.10517385772818676,-1.5419764230904953e-19,2024-11-24 08:09:28
leg_cad.ply,0.0814375490091746,-0.03881829220366722,-1.5419764230904953e-19,2024-11-24 08:09:29
leg_cad.ply,0.005500912892229084,-0.3295824638223603,-1.5419764230904953e-19,2024-11-24 08:09:30
leg_cad.ply,0.3799782541183027,-0.31483805515421964,-1.5419764230904953e-19,2024-11-24 08:09:31
leg_cad.ply,0.12959729471833395,-0.0534965362069044,-1.5419764230904953e-19,2024-11-24 08:09:32
leg_cad.ply,0.368870785348282,-0.20628811640313177,-1.5419764230904953e-19,2024-11-24 08:09:33
leg_cad.ply,0.08623556028445009,-0.1532751240898204,6.424901762877063e-20,2024-11-24 08:13:22
leg_cad.ply,0.20063217887250556,-0.12910019455542335,6.424901762877063e-20,2024-11-24 08:13:22
leg_cad.ply,0.10076844397866079,-0.27036156971823433,6.424901762877063e-20,2024-11-24 08:13:22
leg_cad.ply,0.25903141054606826,-0.03843973490508487,6.424901762877063e-20,2024-11-24 08:13:22
leg_cad.ply,0.23182466609251012,-0.022451653498867432,6.424901762877063e-20,2024-11-24 08:13:23
leg_cad.ply,0.08485247236024816,-0.12335956929142869,6.424901762877063e-20,2024-11-24 08:13:23
leg_cad.ply,0.026765025009120442,-0.07403046233995807,1.2849803525754127e-20,2024-11-24 08:13:23
leg_cad.ply,0.21101048761056174,-0.18274137329806592,1.2849803525754127e-20,2024-11-24 08:13:24
leg_cad.ply,0.10227709903802822,-0.2405314279212755,1.2849803525754127e-20,2024-11-24 08:13:25
leg_cad.ply,0.13428055194081884,-0.10383357244277777,1.2849803525754127e-20,2024-11-24 08:13:25
leg_cad.ply,0.21439547727435973,-0.156755876833945,1.2849803525754127e-20,2024-11-24 08:15:25
leg_cad.ply,0.198399075477458,-0.019158733236585176,1.2849803525754127e-20,2024-11-24 08:15:25
leg_cad.ply,0.23359582614982521,-0.2665100343233694,1.2849803525754127e-20,2024-11-24 08:15:25
leg_cad.ply,0.12875434746701026,-0.012893190305732221,1.2849803525754127e-20,2024-11-24 08:15:26
leg_cad.ply,0.27895754599920614,-0.046881784348209055,1.2849803525754127e-20,2024-11-24 08:15:26
leg_cad.ply,0.2672239338615107,-0.12098111034136438,1.2849803525754127e-20,2024-11-24 08:15:28
leg_cad.ply,0.3235250263703944,-0.163695552635231,1.2849803525754127e-20,2024-11-24 08:15:28
leg_cad.ply,0.0955775350780339,-0.0065559778585086385,1.2849803525754127e-20,2024-11-24 08:15:29
leg_cad.ply,0.05920342185637368,-0.17441983243955023,1.2849803525754127e-20,2024-11-24 08:15:37
leg_cad.ply,0.16605443378861828,-0.03129020840313542,1.2849803525754127e-20,2024-11-24 08:15:37
leg_cad.ply,0.020554083103906436,-0.09231100821175366,1.2849803525754127e-20,2024-11-24 08:15:37
leg_cad.ply,0.030930002261960222,-0.02588519678029175,1.2849803525754127e-20,2024-11-24 08:17:01
leg_cad.ply,0.060833251795859015,-0.011768037630868216,1.2849803525754127e-20,2024-11-24 08:17:01
leg_cad.ply,0.013764032863187416,-0.05501637935385946,1.2849803525754127e-20,2024-11-24 08:17:02
leg_cad.ply,0.07443085112521033,-0.07556959826186613,6.424901762877063e-20,2024-11-24 08:17:21
leg_cad.ply,0.15486961024308227,-0.07686659425969228,6.424901762877063e-20,2024-11-24 08:17:22
leg_cad.ply,0.05847392235859261,-0.1427157026092654,6.424901762877063e-20,2024-11-24 08:17:22
leg_cad.ply,0.15591163520738596,-0.030919773024847667,6.424901762877063e-20,2024-11-24 08:17:22
leg_cad.ply,0.1266037561449349,-0.10629047754539396,6.424901762877063e-20,2024-11-24 08:17:22
leg_cad.ply,0.11561108680176259,-0.04582167563237648,6.424901762877063e-20,2024-11-24 08:17:23
leg_cad.ply,0.024339126877750108,-0.08738680873382751,1.2849803525754127e-20,2024-11-24 08:17:23
leg_cad.ply,0.08347304630749156,-0.053504068901979,1.2849803525754127e-20,2024-11-24 08:17:23
leg_cad.ply,0.1366122317909269,-0.13469828735360911,1.2849803525754127e-20,2024-11-24 08:17:23
leg_cad.ply,0.005155535191100189,-0.15145358644377704,1.2849803525754127e-20,2024-11-24 08:17:24
leg_cad.ply,0.00811954158796681,-0.07250182299471968,1.2849803525754127e-20,2024-11-24 08:17:25
leg_cad.ply,0.17594606287246978,-0.05029708240929275,1.2849803525754127e-20,2024-11-24 08:17:25
leg_cad.ply,0.09800635373215252,-0.06016157305681583,1.2849803525754127e-20,2024-11-24 08:17:25
leg_cad.ply,0.11238541142728839,-0.11819897596302302,1.2849803525754127e-20,2024-11-24 08:29:26
leg_cad.ply,0.12206486080032787,-0.08416283566718714,1.2849803525754127e-20,2024-11-24 08:29:27
leg_cad.ply,-0.27336216891142323,-0.17659330002758591,-6.424901762877063e-19,2024-11-26 20:05:56
leg_cad.ply,-0.3953714495275141,-0.1324324367735673,-2.5699607051508254e-20,2024-11-26 20:06:03
leg_cad.ply,-0.00046306016428962195,-0.23207719193019485,-2.5699607051508254e-20,2024-11-26 20:06:10
leg_cad.ply,-0.4424899328790974,-0.06446602542758287,-2.5699607051508254e-20,2024-11-26 20:06:12
leg_cad.ply,-0.08678801005266415,-0.12324258839144657,-2.5699607051508254e-20,2024-11-26 20:06:13
leg_cad.ply,0.0011408620709299952,-0.020504013605498826,3.340948916696073e-19,2024-11-26 20:20:48
leg_cad.ply,0.27649082968293426,-0.12612730702651648,3.340948916696073e-19,2024-11-26 20:20:49
leg_cad.ply,0.017604080357044753,-0.14505871619373462,1.2849803525754126e-19,2024-11-26 20:20:50
leg_cad.ply,0.3165509000232897,-0.009257284865774675,1.2849803525754126e-19,2024-11-26 20:20:50
leg_cad.ply,0.2920950193979486,-0.19863481047234308,1.2849803525754126e-19,2024-11-26 20:20:50
leg_cad.ply,0.22869641253396508,-0.2147870861977038,2.826956775665908e-19,2024-11-26 20:20:51
leg_cad.ply,0.31968150189135713,-0.19085104063330385,2.826956775665908e-19,2024-11-26 20:20:51
leg_cad.ply,0.2130211744049429,-0.16258997881562282,-2.4928618839963007e-18,2024-11-26 20:20:51
leg_cad.ply,0.28898788855487767,-0.03705772344519332,1.9531701359146274e-18,2024-11-26 20:20:51
leg_cad.ply,0.19561796533404924,-0.1840466166922904,-2.2872650275842344e-18,2024-11-26 20:20:59
leg_cad.ply,0.15772747558789543,-0.09768291129106514,1.9531701359146274e-18,2024-11-26 20:21:00
leg_cad.ply,0.2000334342753469,-0.07351332298318826,7.195889974422311e-19,2024-11-26 20:58:01
leg_cad.ply,0.26744017382447516,-0.016010513501598028,7.195889974422311e-19,2024-11-26 20:58:02
leg_cad.ply,0.08376953871888479,-0.04454763094768442,3.0839528461809905e-19,2024-11-26 20:58:03
leg_cad.ply,0.07467407413575236,-0.3177101254688986,-6.424901762877063e-19,2024-11-30 00:39:48
leg_cad.ply,0.342813090425988,-0.0805053112888924,-2.5699607051508254e-20,2024-11-30 00:39:50
leg_cad.ply,0.02886569446867339,-0.02570776098376504,-2.5699607051508254e-20,2024-11-30 00:39:53
leg_cad.ply,0.19817704506857634,-0.1970247096685961,-2.5699607051508254e-20,2024-11-30 00:39:54
leg_cad.ply,0.023346776609891543,-0.24153503474092705,-2.5699607051508254e-20,2024-11-30 00:39:55
leg_cad.ply,0.08256056572763254,-0.33807962515359136,-2.5699607051508254e-20,2024-11-30 00:39:55
leg_cad.ply,0.15274248389193296,-0.0261935295345125,-2.5699607051508254e-20,2024-11-30 00:39:55
leg_cad.ply,0.34333373849445176,-0.20276469338917172,-2.5699607051508254e-20,2024-11-30 00:39:56
leg_cad.ply,0.1199234721990951,-0.03444393386695019,-2.5699607051508254e-20,2024-11-30 00:39:56
leg_cad.ply,0.14045721295565936,-0.008514632249226415,-2.5699607051508254e-20,2024-11-30 00:39:56
leg_cad.ply,0.2810166691959417,-0.015602929005268702,-2.5699607051508254e-20,2024-11-30 00:39:56
leg_cad.ply,0.19602310680627139,-0.32309412149129735,-2.5699607051508254e-20,2024-11-30 00:39:57
leg_cad.ply,0.02545489947468354,-0.062315496740550286,-2.5699607051508254e-20,2024-11-30 00:39:57
leg_cad.ply,0.2108306694879713,-0.2349033024907124,-2.5699607051508254e-20,2024-11-30 00:39:57
leg_cad.ply,0.024165648237232166,-0.2586884985147859,-2.5699607051508254e-20,2024-11-30 00:39:58
leg_cad.ply,0.12846575652256562,-0.15555902740588592,7.709882115452476e-20,2024-11-30 00:39:58
leg_cad.ply,0.2828716962228878,-0.20803548214256415,-2.5699607051508254e-20,2024-11-30 00:39:58
leg_cad.ply,0.038298730284820365,-0.07088284811281877,-2.5699607051508254e-20,2024-11-30 00:39:58
leg_cad.ply,0.05545056561849985,-0.00864831202969616,-2.5699607051508254e-20,2024-11-30 00:39:59
leg_cad.ply,0.31531428907047904,-0.2521895667084658,7.709882115452476e-20,2024-11-30 00:39:59
leg_cad.ply,0.10356055662799439,-0.16252041027587902,-2.5699607051508254e-20,2024-11-30 00:40:00
leg_cad.ply,0.14536792940233467,-0.2762776176839314,-2.5699607051508254e-20,2024-11-30 00:40:00
leg_cad.ply,0.26917855715572525,-0.08152927889773968,-2.5699607051508254e-20,2024-11-30 00:40:01
leg_cad.ply,0.2533010264417789,-0.22961822237827473,7.709882115452476e-20,2024-11-30 00:40:01
leg_cad.ply,0.10666618598893793,-0.1615821434910233,-2.5699607051508254e-20,2024-11-30 00:40:01
leg_cad.ply,0.20236433844076568,-0.2984326937282178,-2.5699607051508254e-20,2024-11-30 00:40:01
leg_cad.ply,0.009369466328180628,-0.23288856597773225,-2.5699607051508254e-20,2024-11-30 00:40:02
leg_cad.ply,0.12374014607784921,-0.16476784105489148,7.709882115452476e-20,2024-11-30 00:40:02
leg_cad.ply,0.1015301566408089,-0.1280877372206798,-2.5699607051508254e-20,2024-11-30 00:40:03
leg_cad.ply,0.05566225034134111,-0.0008884127233654927,-2.5699607051508254e-20,2024-11-30 00:40:03
leg_cad.ply,0.1978314959534466,-0.024927305794316346,-2.5699607051508254e-20,2024-11-30 00:40:03
leg_cad.ply,0.298907113621956,-0.04803514024483322,7.709882115452476e-20,2024-11-30 00:40:04
leg_cad.ply,0.33151942786195315,-0.023485592052102593,-2.5699607051508254e-20,2024-11-30 00:40:05
leg_cad.ply,0.22985675582853013,-0.27420433818305906,-2.5699607051508254e-20,2024-11-30 00:40:05
leg_cad.ply,0.0352466464718803,-0.023169335079271543,-2.5699607051508254e-20,2024-11-30 00:40:05
leg_cad.ply,0.15022713462908663,-0.3302040672096384,7.709882115452476e-20,2024-11-30 00:40:06
leg_cad.ply,0.23878940791234507,-0.11033468611614061,-2.5699607051508254e-20,2024-11-30 00:40:06
leg_cad.ply,0.04805054417230316,-0.05510026118207585,-1.0793834961633467e-18,2024-11-30 00:40:21
leg_cad.ply,0.25658016401080036,-0.06700634865443922,2.826956775665908e-19,2024-11-30 00:40:25
leg_cad.ply,0.08794548726208505,-0.27133196949473554,1.7989724936055777e-19,2024-11-30 00:40:28
leg_cad.ply,0.07121972945039477,-0.3330075523583017,1.7989724936055777e-19,2024-11-30 00:40:32
leg_cad.ply,0.12019316324666199,-0.16590663152036933,1.7989724936055777e-19,2024-11-30 00:40:34
leg_cad.ply,0.13495676354829328,-0.29292543731740867,1.7989724936055777e-19,2024-11-30 00:40:38
leg_cad.ply,0.15751641204463468,-0.3078906195100372,1.7989724936055777e-19,2024-11-30 00:40:40
leg_cad.ply,0.13896723889901574,-0.03856745090085068,-6.424901762877063e-19,2024-11-30 00:41:11
leg_cad.ply,0.228179918159752,-0.10194996075045708,-2.5699607051508254e-20,2024-11-30 00:41:11
leg_cad.ply,0.05133523920832296,-0.3517607663745613,-2.5699607051508254e-20,2024-11-30 00:41:12
leg_cad.ply,0.12285059071928575,-0.16815277270626278,-2.5699607051508254e-20,2024-11-30 00:41:12
leg_cad.ply,0.16473843068801663,-0.3324067373585335,-2.5699607051508254e-20,2024-11-30 00:41:12
leg_cad.ply,0.09372393626939336,-0.1794120238123604,-2.5699607051508254e-20,2024-11-30 00:41:13
leg_cad.ply,0.01099201826995123,-0.2432311392955854,-2.5699607051508254e-20,2024-11-30 00:41:13
leg_cad.ply,0.3708256998429903,-0.2859797360194078,-6.424901762877063e-19,2024-11-30 00:41:30
leg_cad.ply,0.33451295966356237,-0.009337446942229995,-2.5699607051508254e-20,2024-11-30 00:41:30
leg_cad.ply,0.32699953277077276,-0.139640938270726,-2.5699607051508254e-20,2024-11-30 00:41:31
leg_cad.ply,0.11669125703022386,-0.22903360159568212,-2.5699607051508254e-20,2024-11-30 00:41:31
leg_cad.ply,0.3538068185245256,-0.03113316670667375,-2.5699607051508254e-20,2024-11-30 00:41:31
leg_cad.ply,0.17469566114879875,-0.27487126496076103,-2.5699607051508254e-20,2024-11-30 00:41:31
leg_cad.ply,0.10650362107808281,-0.1715470294140002,-2.5699607051508254e-20,2024-11-30 00:41:31
leg_cad.ply,0.1353828438099983,-0.005326454818611193,-2.5699607051508254e-20,2024-11-30 00:41:32
leg_cad.ply,0.10186257785826974,-0.10979620203636567,-2.5699607051508254e-20,2024-11-30 00:41:32
leg_cad.ply,0.09205041669222906,-0.11957211062935293,-2.5699607051508254e-20,2024-11-30 00:41:33
leg_cad.ply,0.1324742733965483,-0.14022631778690783,-2.5699607051508254e-20,2024-11-30 00:41:33
leg_cad.ply,0.0939033770142795,-0.17363249653964943,-2.5699607051508254e-20,2024-11-30 00:41:33
leg_cad.ply,0.2940505788693501,-0.008483092256358175,-2.5699607051508254e-20,2024-11-30 00:41:34
leg_cad.ply,0.3068629349680013,-0.2655847566208152,-2.5699607051508254e-20,2024-11-30 00:41:35
leg_cad.ply,0.12199733943561271,-0.3569153145107785,-2.5699607051508254e-20,2024-11-30 00:41:35
leg_cad.ply,0.21024019656887385,-0.024708500087838335,7.709882115452476e-20,2024-11-30 00:41:36
leg_cad.ply,0.31101547171546345,-0.043641194764586416,-2.5699607051508254e-20,2024-11-30 00:41:37
leg_cad.ply,0.03838201487612374,-0.023651207877294075,-2.5699607051508254e-20,2024-11-30 00:41:38
leg_cad.ply,0.061258829564991464,-0.27599115285872644,-3.2124508814385315e-19,2024-11-30 00:41:41
leg_cad.ply,0.296856758114251,-0.322618304573971,-6.424901762877063e-19,2024-11-30 00:41:52
leg_cad.ply,0.06675688556688116,0.03732590480534327,5.13992141030165e-19,2024-11-30 01:01:14
leg_cad.ply,0.07921226708385856,0.2913171061094312,3.0839528461809905e-19,2024-11-30 01:01:18
leg_cad.ply,0.28690566025347297,0.31675923675431517,3.0839528461809905e-19,2024-11-30 01:01:18
leg_cad.ply,0.3884757488881131,0.2806052679810223,1.0279842820603302e-19,2024-11-30 01:01:19
leg_cad.ply,0.5026127620234714,0.275489709578022,1.0279842820603302e-19,2024-11-30 01:01:19
leg_cad.ply,0.21893875389902853,0.2036104245192306,1.0279842820603302e-19,2024-11-30 01:01:20
leg_cad.ply,0.049078464037714674,0.14178723272725208,1.0279842820603302e-19,2024-11-30 01:01:20
leg_cad.ply,0.042725827157438445,0.3004822721086069,-6.424901762877063e-19,2024-11-30 01:01:32
leg_cad.ply,0.5302477515105931,0.11840068606828759,-2.5699607051508254e-20,2024-11-30 01:01:32
leg_cad.ply,0.03529382130951534,0.010141011380714026,5.782411586589357e-19,2024-11-30 01:17:40
leg_cad.ply,0.12236783423173352,0.05074692317662092,2.6984587404083666e-19,2024-11-30 01:17:41
leg_cad.ply,0.29423476178155594,0.11531962381854002,2.6984587404083666e-19,2024-11-30 01:17:41
leg_cad.ply,0.22748675384281694,0.0315394284132391,1.6704744583480365e-19,2024-11-30 01:17:42
leg_cad.ply,0.054301993237222485,0.15614440924630008,3.1353520602840068e-18,2024-11-30 01:25:59
leg_cad.ply,0.27579829075948126,0.025269536932976684,-1.105083103214855e-18,2024-11-30 01:26:00
leg_cad.ply,0.2694488891349719,0.02914409486140613,-7.709882115452476e-20,2024-11-30 01:26:00
leg_cad.ply,0.04880415252805278,0.17564804648225707,-7.709882115452476e-20,2024-11-30 01:26:01
leg_cad.ply,0.05854850169749078,0.09592660761366342,-7.709882115452476e-20,2024-11-30 01:26:01
leg_cad.ply,0.04445997086180783,0.11908975115863167,-7.709882115452476e-20,2024-11-30 01:26:02
leg_cad.ply,0.07058286805471702,0.009499116729040443,-7.709882115452476e-20,2024-11-30 01:26:02
leg_cad.ply,0.22025911006884685,0.08602306353137176,-7.709882115452476e-20,2024-11-30 01:26:02
leg_cad.ply,0.09323484026569995,0.01770343191173379,-7.709882115452476e-20,2024-11-30 01:26:03
leg_cad.ply,0.08190527673895165,0.22393441766425995,-7.709882115452476e-20,2024-11-30 01:26:03
leg_cad.ply,0.20800644224016235,0.03380366031108849,-7.709882115452476e-20,2024-11-30 01:26:03
leg_cad.ply,0.18440991042195323,0.23787495287776786,-7.709882115452476e-20,2024-11-30 01:26:03
leg_cad.ply,0.15168329280903425,0.22982020983178664,-7.709882115452476e-20,2024-11-30 01:26:04
leg_cad.ply,0.03864662674211599,0.022302123611315512,-7.709882115452476e-20,2024-11-30 01:26:04
leg_cad.ply,0.2853467289217968,0.05187786162299577,-7.709882115452476e-20,2024-11-30 01:26:04
leg_cad.ply,0.032305144742019815,0.11719299721131143,-7.709882115452476e-20,2024-11-30 01:26:04
leg_cad.ply,0.23217963984276793,0.20711426106252237,-7.709882115452476e-20,2024-11-30 01:26:04
leg_cad.ply,0.2819453354616921,0.15798814278307152,-7.709882115452476e-20,2024-11-30 01:26:05
leg_cad.ply,0.1931555940903157,0.0029281721478922962,-7.709882115452476e-20,2024-11-30 01:26:05
leg_cad.ply,0.04308038814887041,0.12657968919894488,-7.709882115452476e-20,2024-11-30 01:26:05
leg_cad.ply,0.09931360221424432,0.11046109928648874,-7.709882115452476e-20,2024-11-30 01:26:05
leg_cad.ply,0.26110200723216864,0.07055575352528491,-7.709882115452476e-20,2024-11-30 01:26:05
leg_cad.ply,0.10328625779541456,0.15127576174824794,-7.709882115452476e-20,2024-11-30 01:26:05
leg_cad.ply,0.164204049002532,0.12255322270509647,-7.709882115452476e-20,2024-11-30 01:26:06
leg_cad.ply,0.18535465947858035,0.20706361788055544,-7.709882115452476e-20,2024-11-30 01:26:06
leg_cad.ply,0.1846916207360873,0.10470197456997556,-7.709882115452476e-20,2024-11-30 01:26:06
leg_cad.ply,0.08551281809545505,0.21208978801224032,-7.709882115452476e-20,2024-11-30 01:26:06
leg_cad.ply,0.031406077462997305,0.20192079937464696,-7.709882115452476e-20,2024-11-30 01:26:06
leg_cad.ply,0.08007293583837156,0.14373462137934684,-7.709882115452476e-20,2024-11-30 01:26:07
leg_cad.ply,0.251905838723729,0.2050343261404792,-7.709882115452476e-20,2024-11-30 01:26:07
leg_cad.ply,0.03980657744303365,0.06416737235628273,-7.709882115452476e-20,2024-11-30 01:26:07
leg_cad.ply,0.15759720439922842,0.02080607426388577,-7.709882115452476e-20,2024-11-30 01:26:07
leg_cad.ply,0.12059176814374381,0.22096443241380953,-7.709882115452476e-20,2024-11-30 01:26:08
leg_cad.ply,0.15162691493149638,0.06487716048264153,-7.709882115452476e-20,2024-11-30 01:26:08
leg_cad.ply,0.1122718990932457,0.0034083606581930964,-7.709882115452476e-20,2024-11-30 01:26:08
leg_cad.ply,0.0705220011423336,0.0002424582888373373,-7.709882115452476e-20,2024-11-30 01:26:09
leg_cad.ply,0.1713848134972698,0.025486881685631128,-7.709882115452476e-20,2024-11-30 01:26:09
leg_cad.ply,0.09556682243663168,0.0386662420738901,-7.709882115452476e-20,2024-11-30 01:26:09
leg_cad.ply,0.04631597700992533,0.060322610867853795,-7.709882115452476e-20,2024-11-30 01:26:09
leg_cad.ply,0.13252867801280063,0.18449346932710675,-7.709882115452476e-20,2024-11-30 01:26:09
leg_cad.ply,0.03918139137973496,0.20609882826967355,-7.709882115452476e-20,2024-11-30 01:26:10
leg_cad.ply,0.24633380850229442,0.2043166103291517,3.1353520602840068e-18,2024-11-30 01:26:28
leg_cad.ply,0.016590317120397838,0.09263398012621962,-1.105083103214855e-18,2024-11-30 01:26:29
leg_cad.ply,0.21700995543992804,0.11728405719107579,-7.709882115452476e-20,2024-11-30 01:26:29
leg_cad.ply,0.16664158262490059,0.043075054319816036,-7.709882115452476e-20,2024-11-30 01:26:29
leg_cad.ply,0.2643777548424022,0.1731445878086492,-7.709882115452476e-20,2024-11-30 01:26:30
leg_cad.ply,0.19630563821060298,0.1711895206080027,-2.1844665993782016e-18,2024-11-30 01:26:33
leg_cad.ply,0.2642509549259555,0.18812409712290767,2.3643638487387592e-18,2024-11-30 01:26:33
leg_cad.ply,0.06248668491417352,0.13897096565429265,-2.1844665993782016e-18,2024-11-30 01:26:33
leg_cad.ply,0.2361126854554036,0.12370629323862832,2.3643638487387592e-18,2024-11-30 01:26:34
leg_cad.ply,0.2742655221707205,0.003567420106740508,-2.1844665993782016e-18,2024-11-30 01:26:34
leg_cad.ply,0.1712410345620362,0.09434175911941424,-6.424901762877063e-19,2024-11-30 01:26:51
leg_cad.ply,0.3054196331866922,0.24290508375332473,-2.5699607051508254e-20,2024-11-30 01:26:51
leg_cad.ply,0.19497145374530947,0.05380882938961419,-2.5699607051508254e-20,2024-11-30 01:26:52
leg_cad.ply,0.05582514051363997,0.010016067361623868,-2.5699607051508254e-20,2024-11-30 01:26:52
leg_cad.ply,0.30214310508248227,0.14023365131488955,-2.5699607051508254e-20,2024-11-30 01:26:52
leg_cad.ply,0.25240923051323405,0.24770160083768902,-2.5699607051508254e-20,2024-11-30 01:26:52
leg_cad.ply,0.2034308484998443,0.07042261742925661,-2.5699607051508254e-20,2024-11-30 01:26:52
leg_cad.ply,0.059137957932566966,0.016883096923212385,-2.5699607051508254e-20,2024-11-30 01:26:53
leg_cad.ply,0.03980611985694148,0.18225144793388293,-2.5699607051508254e-20,2024-11-30 01:26:53
leg_cad.ply,0.346396374094528,0.02696435868748408,-2.5699607051508254e-20,2024-11-30 01:26:53
leg_cad.ply,0.1422120390552274,0.025195996589657918,-2.5699607051508254e-20,2024-11-30 01:26:53
leg_cad.ply,0.1740103199891766,0.1106403340005837,-2.5699607051508254e-20,2024-11-30 01:26:54
leg_cad.ply,0.22091174459928564,0.11954031801374446,-2.5699607051508254e-20,2024-11-30 01:26:54
leg_cad.ply,0.09882586192989797,0.05646681521608584,-2.5699607051508254e-20,2024-11-30 01:26:54
leg_cad.ply,0.31792592232254774,0.07942647803543383,-2.5699607051508254e-20,2024-11-30 01:26:54
leg_cad.ply,0.26455543395244396,0.136042186739702,7.709882115452476e-20,2024-11-30 01:26:55
leg_cad.ply,0.32402784069277846,0.15760778726965372,-2.5699607051508254e-20,2024-11-30 01:26:55
leg_cad.ply,0.12497945021599413,0.11527543294909923,-2.5699607051508254e-20,2024-11-30 01:26:55
leg_cad.ply,0.02689331582555938,0.10469343351504486,-2.5699607051508254e-20,2024-11-30 01:26:56
leg_cad.ply,0.30956405525847025,0.07079827390094136,7.709882115452476e-20,2024-11-30 01:26:56
leg_cad.ply,0.2083710772607159,0.04094544343445416,-2.5699607051508254e-20,2024-11-30 01:26:56
leg_cad.ply,0.2398407094393996,0.18316710814838527,-2.5699607051508254e-20,2024-11-30 01:26:56
leg_cad.ply,0.11776745408442073,0.10044638720613919,-2.5699607051508254e-20,2024-11-30 01:26:56
leg_cad.ply,0.09400738972906819,0.23616925510077857,7.709882115452476e-20,2024-11-30 01:26:56
leg_cad.ply,0.24676543826586536,0.11528161048365204,-2.5699607051508254e-20,2024-11-30 01:26:57
leg_cad.ply,0.02663857307671001,0.04479241757044491,-2.5699607051508254e-20,2024-11-30 01:26:57
leg_cad.ply,0.05908494109298853,0.19056313941196687,-2.5699607051508254e-20,2024-11-30 01:26:57
leg_cad.ply,0.31422053078219664,0.16038252542407477,7.709882115452476e-20,2024-11-30 01:26:57
leg_cad.ply,0.23252853676461688,0.08302088704240543,-2.5699607051508254e-20,2024-11-30 01:26:57
leg_cad.ply,0.20735259249992205,0.010864273279620999,-2.5699607051508254e-20,2024-11-30 01:26:58
leg_cad.ply,0.028563880508538232,0.11253746023632706,-2.5699607051508254e-20,2024-11-30 01:26:58
leg_cad.ply,0.19668355545971133,0.1301751349070446,7.709882115452476e-20,2024-11-30 01:26:58
leg_cad.ply,0.10965330979278143,0.14034912500668675,-2.5699607051508254e-20,2024-11-30 01:26:58
leg_cad.ply,-3.8035418436232216e-18,2.2924049489945363e-17,-1.5676760301420034e-18,2024-11-30 01:46:17
leg_cad.ply,-3.8035418436232216e-18,2.2924049489945363e-17,-1.5676760301420034e-18,2024-11-30 01:46:18
leg_cad.ply,-3.8035418436232216e-18,2.2924049489945363e-17,-1.5676760301420034e-18,2024-11-30 01:46:19
leg_cad.ply,-3.8035418436232216e-18,2.2924049489945363e-17,-1.5676760301420034e-18,2024-11-30 01:46:19
leg_cad.ply,-3.8035418436232216e-18,2.2924049489945363e-17,-1.5676760301420034e-18,2024-11-30 01:46:20
leg_cad.ply,-3.8035418436232216e-18,2.2924049489945363e-17,-1.5676760301420034e-18,2024-11-30 01:46:21
leg_cad.ply,-3.8035418436232216e-18,2.2924049489945363e-17,-1.5676760301420034e-18,2024-11-30 01:46:21
leg_cad.ply,-3.8035418436232216e-18,2.2924049489945363e-17,-1.5676760301420034e-18,2024-11-30 01:46:22
leg_cad.ply,-3.8035418436232216e-18,2.2924049489945363e-17,-1.5676760301420034e-18,2024-11-30 01:46:22
leg_cad.ply,-3.8035418436232216e-18,2.2924049489945363e-17,-1.5676760301420034e-18,2024-11-30 01:46:22
leg_cad.ply,-3.8035418436232216e-18,2.2924049489945363e-17,-1.5676760301420034e-18,2024-11-30 01:46:24
leg_cad.ply,-3.8035418436232216e-18,2.2924049489945363e-17,-1.5676760301420034e-18,2024-11-30 01:46:24
leg_cad.ply,-3.8035418436232216e-18,2.2924049489945363e-17,-1.5676760301420034e-18,2024-11-30 01:46:24
leg_cad.ply,-3.8035418436232216e-18,2.2924049489945363e-17,-1.5676760301420034e-18,2024-11-30 01:46:25
leg_cad.ply,-3.8035418436232216e-18,2.2924049489945363e-17,-1.5676760301420034e-18,2024-11-30 01:46:25
leg_cad.ply,-3.8035418436232216e-18,-2.3335243202769495e-17,-1.5676760301420034e-18,2024-11-30 01:46:26
leg_cad.ply,-3.8035418436232216e-18,-2.3335243202769495e-17,-1.5676760301420034e-18,2024-11-30 01:46:27
leg_cad.ply,-3.8035418436232216e-18,-2.3335243202769495e-17,-1.5676760301420034e-18,2024-11-30 01:46:27
leg_cad.ply,-3.8035418436232216e-18,-2.3335243202769495e-17,-1.5676760301420034e-18,2024-11-30 01:46:27
leg_cad.ply,-3.8035418436232216e-18,-2.3335243202769495e-17,-1.5676760301420034e-18,2024-11-30 01:46:27
leg_cad.ply,-3.8035418436232216e-18,-2.3335243202769495e-17,-1.5676760301420034e-18,2024-11-30 01:46:27
leg_cad.ply,-3.8035418436232216e-18,-2.3335243202769495e-17,-1.5676760301420034e-18,2024-11-30 01:46:28
leg_cad.ply,-3.8035418436232216e-18,-2.3335243202769495e-17,-1.5676760301420034e-18,2024-11-30 01:46:28
leg_cad.ply,-3.8035418436232216e-18,-2.3335243202769495e-17,-1.5676760301420034e-18,2024-11-30 01:46:28
leg_cad.ply,-3.8035418436232216e-18,-2.3335243202769495e-17,-1.5676760301420034e-18,2024-11-30 01:46:29
leg_cad.ply,0.2658373849517242,0.02349473858305222,-6.424901762877063e-19,2024-11-30 01:46:50
leg_cad.ply,0.07661017610797587,0.1545893966354271,-2.5699607051508254e-20,2024-11-30 01:46:50
leg_cad.ply,0.030665887027455263,0.11746785211254752,-2.5699607051508254e-20,2024-11-30 01:46:51
leg_cad.ply,0.1701018284306179,0.1470106625349887,-2.5699607051508254e-20,2024-11-30 01:46:52
leg_cad.ply,0.2121553071605936,0.04150794434478457,-2.5699607051508254e-20,2024-11-30 01:46:53
leg_cad.ply,0.022337814720886976,0.14802280745673718,-2.5699607051508254e-20,2024-11-30 01:46:54
airpods,0.18471540043766083,0.1862245626456587,-2.2930496978245173e-17,2024-11-30 02:18:32
airpods,0.07546139287764493,0.13777276189807527,-2.1427546218996403e-17,2024-11-30 02:18:33
airpods,0.03972777463730743,0.15504207089493477,-1.8100609344483673e-17,2024-11-30 02:18:34
airpods,0.035122461500656864,0.09569069416435202,-1.7373527424746465e-17,2024-11-30 02:18:35
airpods,0.1433131942797023,0.06457549216816265,-1.7061569920589287e-17,2024-11-30 02:18:36
airpods,0.010238441640422365,0.0050547268231719514,1.6364228855624527e-16,2024-11-30 02:18:36
airpods,0.06818902056298726,0.00159741729869282,-3.766048773111814e-17,2024-11-30 02:18:37
airpods,0.02081453946639345,0.07781752451355724,-3.657435150574158e-17,2024-11-30 02:18:38
airpods,0.08922943329028139,0.060567848071312914,-2.227816358916225e-17,2024-11-30 02:18:39
airpods,0.043530097578762465,0.0006506941413087823,-1.839384486817744e-17,2024-11-30 02:18:39
airpods,0.03701049233369393,0.03334523974826305,-1.8067268711987873e-17,2024-11-30 02:18:40
airpods,0.03967490450431499,0.007803308327356248,-2.2930496978245173e-17,2024-11-30 02:18:57
airpods,0.007376486797815924,0.03250277453064341,-2.1427546218996403e-17,2024-11-30 02:18:58
airpods,0.046955815949482865,0.08372059773366147,-1.8100609344483673e-17,2024-11-30 02:18:59
airpods,0.12925987900326566,0.0776274168279334,-1.7373527424746465e-17,2024-11-30 02:19:00
airpods,0.12243040691420105,0.04192148702159708,-1.7061569920589287e-17,2024-11-30 02:19:01
airpods,0.16895177551018634,0.12566226514037127,1.6364228855624527e-16,2024-11-30 02:19:02
airpods,0.07427847687278226,0.1405246767797476,-3.766048773111814e-17,2024-11-30 02:19:03
airpods,0.060417190825920335,0.0777724780394422,-3.657435150574158e-17,2024-11-30 02:19:04
airpods,0.17909838175333342,0.05855936223385389,-2.227816358916225e-17,2024-11-30 02:19:09
airpods,0.06355623447317808,0.09267691678175234,-1.839384486817744e-17,2024-11-30 02:19:11
leg_cad,0.33397428715930155,0.27975383971321727,-2.2256428838789904e-18,2024-12-01 00:03:43
leg_cad,0.30342532982467507,0.26992621259480504,2.2571289064620995e-18,2024-12-01 00:03:46
leg_cad,0.40140198362833723,0.2593407817541995,-2.2256428838789904e-18,2024-12-01 00:03:48
leg_cad,0.28393706032367383,0.19492859088161213,2.2571289064620995e-18,2024-12-01 00:03:49
leg_cad,0.33874454652899355,0.11656452149463423,-2.3134668794881058e-17,2024-12-01 00:04:13
leg_cad,0.14408640584001192,0.10513534262656446,-1.2657931263353779e-17,2024-12-01 00:06:52
leg_cad,0.2740051347398323,0.00802637685102002,3.012135156997436e-17,2024-12-01 00:06:54
leg_cad,0.26109098218761867,0.005631251494501241,-1.4467306149096915e-17,2024-12-01 00:06:55
leg_cad,0.30907347923016765,0.2046919727509265,-1.2737978346518011e-17,2024-12-01 00:06:56
leg_cad,0.018578589943923314,0.022704939743340133,2.5481091752513096e-17,2024-12-01 00:06:58
leg_cad,0.24688768008324202,0.22250268393463254,-1.440253876358721e-17,2024-12-01 00:06:59
leg_cad,0.10853207995294128,0.22857475324365711,-1.2708113921664504e-17,2024-12-01 00:07:00
leg_cad,0.19629363560967006,0.13691731552856246,2.6519435527300148e-17,2024-12-01 00:07:02
leg_cad,0.2896150711203815,0.21871694093671637,-1.4402451892280266e-17,2024-12-01 00:07:03
leg_cad,0.09740320157033844,0.23200703535706232,-1.2708056007459875e-17,2024-12-01 00:07:04
leg_cad,0.2296731456685703,0.10978006761572186,2.653927114238546e-17,2024-12-01 00:07:05
leg_cad,0.1901069420943044,0.13928531074845335,-1.4397451965947327e-17,2024-12-01 00:07:07
leg_cad,0.1270204511863849,0.06603610175641882,-1.2579341687672702e-17,2024-12-01 00:07:08
leg_cad,0.23027204983674257,0.22215389550441214,2.6539657237082985e-17,2024-12-01 00:07:10
leg_cad,0.22266861989594897,0.17240230459649605,-1.4387191499360616e-17,2024-12-01 00:07:11
leg_cad,0.061612390696790455,0.045343458160301296,-1.2578646717217158e-17,2024-12-01 00:07:12
leg_cad,0.3167378135321089,0.2655832362621736,-1.2642815655945703e-17,2024-12-01 00:08:49
leg_cad,0.21103966135450378,0.17977265998416458,2.996986731540069e-17,2024-12-01 00:08:51
leg_cad,0.1544938284980494,0.35529725226076325,-1.4384295789129185e-17,2024-12-01 00:08:52
leg_cad,0.31636387223152973,0.2261974437955923,-1.2727264218661711e-17,2024-12-01 00:08:53
leg_cad,0.458302226736549,0.1816334376704219,-6.4706189500148464e-18,2024-12-01 00:32:30
leg_cad,0.4680046651130011,0.4416076939879835,-6.050683052252511e-18,2024-12-01 00:32:36
leg_cad,0.46536801922110943,0.21270929795627666,-4.987465126577454e-18,2024-12-01 00:32:43
leg_cad,0.30786315233975287,0.0030641688190022635,-4.729138816831364e-18,2024-12-01 00:32:48
leg_cad,0.7031907242659456,0.3866081551490381,-4.338507506611125e-18,2024-12-01 00:32:53
leg_cad,0.8094955116714321,0.27899906671667896,-6.4706189500148464e-18,2024-12-01 00:37:27
leg_cad,0.9472008252317579,0.4393867881329866,-6.050683052252511e-18,2024-12-01 00:37:28
leg_cad,0.27640665100959577,0.41729645314171115,-4.987465126577454e-18,2024-12-01 00:37:30
leg_cad,1.048065522998239,0.5716846227303111,-4.729138816831364e-18,2024-12-01 00:37:32
leg_cad,0.2388793810693338,0.34333193316576827,-4.338507506611125e-18,2024-12-01 00:37:34
leg_cad,0.6103685686084902,0.29129687056282455,1.8592341897446838e-17,2024-12-01 00:38:53
leg_cad,0.5253155120328172,0.17811583118050672,-5.985597138617348e-18,2024-12-01 00:38:57
leg_cad,0.5109459055469384,0.5943273472369973,8.557948332730713e-18,2024-12-01 00:39:24
leg_cad,0.5013431584197177,0.5065860292715958,-2.5144397116453043e-17,2024-12-01 00:39:25
leg_cad,0.33795916123030123,0.47075211089217334,1.3241143318065683e-17,2024-12-01 00:39:36
leg_cad,0.3096651607073018,0.2299277214396801,9.110362696843967e-18,2024-12-01 00:39:37
leg_cad,0.7053106321099458,0.5092479822529701,-2.5012185836811236e-17,2024-12-01 00:39:55
leg_cad,0.16382832491771074,0.009098164480977666,1.3353751533832306e-17,2024-12-01 00:39:56
leg_cad,0.38778256578674036,0.2405749605074043,9.484980008154087e-18,2024-12-01 00:39:58
leg_cad,0.3035573963157198,0.2641162341633139,4.4049136952039776e-18,2024-12-01 00:40:00
leg_cad,0.29692523150569516,0.4439665835575623,-2.0907202273818723e-19,2024-12-01 00:51:51
leg_cad,0.1942115205311687,0.16642189290158985,-1.794353631042435e-19,2024-12-01 00:51:56
leg_cad,0.1960385210237999,0.1970327922062164,-1.7942692441983746e-19,2024-12-01 00:51:58
leg_cad,0.44452895941594267,0.3215865931316987,-1.7941848573543145e-19,2024-12-01 00:52:01
leg_cad,0.07147979412158692,0.40890032842450796,-1.7941004705102541e-19,2024-12-01 00:52:03
leg_cad,0.023591256915775675,0.06884748332719227,-1.794016083666194e-19,2024-12-01 00:52:05
leg_cad,0.06968737551295126,0.38958099322953543,-1.793931696822134e-19,2024-12-01 00:52:08
leg_cad,0.6307552600505815,0.09579876311364958,-1.7938473099780736e-19,2024-12-01 00:52:10
leg_cad,0.11206485727508098,0.25385844618752085,-1.6950062050567e-19,2024-12-01 00:52:12
leg_cad,0.37328329501914287,0.14704625652471243,-1.6949338734760772e-19,2024-12-01 00:52:15
leg_cad,0.2566858676914404,0.37185763970254576,-1.694861541895454e-19,2024-12-01 00:52:17
leg_cad,0.438737489498555,0.048347724752471316,-1.694789210314831e-19,2024-12-01 00:52:19
leg_cad,0.3444373048930853,0.06949936841913743,-1.691630731294292e-19,2024-12-01 00:52:21
leg_cad,0.43451527640056364,0.020808284952421468,-1.691558399713669e-19,2024-12-01 00:52:24
leg_cad,0.5570067683504679,0.13225160929139407,-1.6914860681330458e-19,2024-12-01 00:52:26
leg_cad,0.13112851543018497,0.4168685485781143,-1.5148688639625102e-17,2024-12-01 00:54:50
leg_cad,0.20780135691551424,0.09464265082502571,7.502147155376843e-18,2024-12-01 00:54:52
leg_cad,0.33037750895104206,0.14318734159619234,6.404070580201497e-18,2024-12-01 00:54:55
leg_cad,0.6137270209219855,0.25706714353666793,-1.501623746024089e-17,2024-12-01 00:54:57
leg_cad,0.22097252137295875,0.449321718401429,7.579350267954836e-18,2024-12-01 00:54:59
leg_cad,0.23375806345192815,0.4800518834990356,6.522315837151343e-18,2024-12-01 00:55:01
leg_cad,0.5750355892383899,0.008681463586598845,-1.493564922968974e-17,2024-12-01 00:55:02
leg_cad,0.3457645386946106,0.04678814128818933,7.950495663395051e-18,2024-12-01 00:55:04
leg_cad,0.0875935380606823,0.24043583963168752,6.527582781747043e-18,2024-12-01 00:55:06
leg_cad,0.18953430236141902,0.08615924898549146,-1.4935320120997905e-17,2024-12-01 00:55:08
leg_cad,0.12362934659606789,0.46957422169056956,8.12827824988206e-18,2024-12-01 00:55:09
leg_cad,0.38778702340207793,0.13300193541180058,6.5279034517544715e-18,2024-12-01 00:55:11
leg_cad,0.6212685328142493,0.041268932254737135,-1.493530806573447e-17,2024-12-01 00:55:13
leg_cad,0.012632646969046242,0.2312635341209375,8.271487546357601e-18,2024-12-01 00:55:14
leg_cad,0.33271248903186035,0.34027309841549647,6.490875710107198e-18,2024-12-01 00:55:16
leg_cad,0.1024011932544264,0.45439197611393595,-1.493529962705006e-17,2024-12-01 00:55:18
leg_cad,0.12123579169265197,0.3790256227615235,8.394941882638648e-18,2024-12-01 00:55:20
leg_cad,0.25791786089177393,0.33270138716295605,6.495815957063751e-18,2024-12-01 00:55:22
leg_cad,0.1835138137833736,0.4713175635003151,-1.493529842152372e-17,2024-12-01 00:55:23
leg_cad,0.5771708939146579,0.36889626946728327,8.394943088164992e-18,2024-12-01 00:55:25
leg_cad,0.4919716981370345,0.14378298458010913,6.495817162590095e-18,2024-12-01 00:55:27
leg_cad,0.516449570198418,0.3474019926707643,-1.4935297215997374e-17,2024-12-01 00:55:29
leg_cad,0.49932850271683316,0.15349070567186948,8.394944293691336e-18,2024-12-01 00:55:31
leg_cad,0.36300968354261676,0.358653522094153,6.495818368116438e-18,2024-12-01 00:55:33
leg_cad,0.13203848614799116,0.05108840512677152,-1.493529601047103e-17,2024-12-01 00:55:35
leg_cad,0.25225231343155885,0.018928211722650544,8.39494549921768e-18,2024-12-01 00:55:37
leg_cad,0.34616997134002225,0.19001140793841473,6.495819573642782e-18,2024-12-01 00:55:38
leg_cad,0.6324087646977563,0.010413197244839533,-1.4935294804944686e-17,2024-12-01 00:55:40
leg_cad,0.15550493807551993,0.265620539216046,8.394946704744023e-18,2024-12-01 00:55:42
leg_cad,0.5990122023027308,0.40226167518454103,6.495820779169126e-18,2024-12-01 00:55:44
leg_cad,0.10253247577397373,0.4712851415650302,-1.4797034194110104e-17,2024-12-01 00:55:45
leg_cad,0.47535112382102246,0.20465740598760107,8.306060836369066e-18,2024-12-01 00:55:47
leg_cad,0.4730388995332649,0.304228241055399,6.495820779169126e-18,2024-12-01 00:55:49
leg_cad,0.37891792584822576,0.20584927208400122,-1.4935293599418344e-17,2024-12-01 00:55:51
leg_cad,0.27634612386990787,0.28515442452840034,8.394947910270367e-18,2024-12-01 00:55:52
leg_cad,0.28922113528902915,0.1927022497237632,6.4958219846954696e-18,2024-12-01 00:55:54
leg_cad,0.4728129210522198,0.4529464779211894,-1.4797032988583762e-17,2024-12-01 00:55:56
leg_cad,0.3495168530331518,0.15056663064167672,8.30606204189541e-18,2024-12-01 00:55:57
leg_cad,0.2596177260460848,0.023961869176597227,6.4958219846954696e-18,2024-12-01 00:55:59
leg_cad,0.2802021304153121,0.12492411979013694,-1.4935292393892e-17,2024-12-01 00:56:01
leg_cad,0.5079454600301047,0.3179247673164052,8.394949115796711e-18,2024-12-01 00:56:02
leg_cad,0.4323523392115669,0.35599830197213883,6.4958231902218134e-18,2024-12-01 00:56:04
leg_cad,0.3516171630137571,0.13053931104786404,-1.4797031783057417e-17,2024-12-01 00:56:05
leg_cad,0.6534724995421303,0.27426793394059756,8.306063247421754e-18,2024-12-01 00:56:07
leg_cad,0.6358852684709856,0.13977456294358337,6.4958231902218134e-18,2024-12-01 00:56:09
leg_cad,0.5323396243574471,0.3610426597818478,-1.4935291188365656e-17,2024-12-01 00:56:10
leg_cad,0.6483235736212297,0.215766143224266,8.394950321323053e-18,2024-12-01 00:56:12
leg_cad,0.1789911903661029,0.10103147066069755,6.495824395748157e-18,2024-12-01 00:56:14
leg_cad,0.5992468609076065,0.2047963032140609,-1.4797030577531074e-17,2024-12-01 00:56:15
leg_cad,0.1236329424504161,0.1370010192464298,8.306064452948097e-18,2024-12-01 01:20:01
leg_cad,0.2098095008296589,0.11527309829751918,6.495824395748157e-18,2024-12-01 01:20:04
leg_cad,0.178887146039973,0.11730272178947145,-1.4935289982839314e-17,2024-12-01 01:20:06
leg_cad,0.09966461375774124,0.235220751215174,8.394951526849397e-18,2024-12-01 01:20:07
leg_cad,0.5829860827034845,0.2601927180470103,6.4958256012745e-18,2024-12-01 01:20:09
leg_cad,0.2401646062106368,0.11672452582982529,-1.479702937200473e-17,2024-12-01 01:20:11
leg_cad,0.24215840691571613,0.26977506317708627,8.306065658474441e-18,2024-12-01 01:20:12
leg_cad,0.6383815663662821,0.32420049774937465,6.4958256012745e-18,2024-12-01 01:20:14
leg_cad,0.17537724994240078,0.28767821383440373,-1.4935288777312968e-17,2024-12-01 01:20:16
leg_cad,0.20172846792159066,0.1580254408440439,8.394952732375741e-18,2024-12-01 01:20:18
leg_cad,0.2661583710674763,0.020212377901316702,6.495826806800844e-18,2024-12-01 01:20:20
leg_cad,0.41371606851214004,0.20285702396403144,-1.4797028166478387e-17,2024-12-01 01:20:22
leg_cad,0.41351456693171945,0.15528467150420203,8.306066864000785e-18,2024-12-01 01:20:23
leg_cad,0.12681484216111252,0.28507965116844947,6.495826806800844e-18,2024-12-01 01:20:25
leg_cad,0.5176247953265951,0.2949807307647879,-1.4935287571786626e-17,2024-12-01 01:20:27
leg_cad,0.6592855807473075,0.018333747942277923,8.394953937902085e-18,2024-12-01 01:20:29
leg_cad,0.40515378328990315,0.15555427438016423,6.495828012327188e-18,2024-12-01 01:20:30
leg_cad,0.3301053411652691,0.12485365697274334,-1.479702696095204e-17,2024-12-01 01:20:32
leg_cad,0.08351994853999402,0.15428892008069342,8.306068069527129e-18,2024-12-01 01:20:34
leg_cad,0.6550626139089106,0.1272547472673392,6.495828012327188e-18,2024-12-01 01:20:36
leg_cad,0.6416289923093318,0.0953569140462549,-1.493528636626028e-17,2024-12-01 01:20:38
leg_cad,0.451481614745198,0.3262974305863619,8.394955143428429e-18,2024-12-01 01:20:39
leg_cad,0.43114852397491654,0.37198916332687787,6.495829217853532e-18,2024-12-01 01:20:41
leg_cad,0.025743988887031125,0.02043976939684589,-1.47970257554257e-17,2024-12-01 01:20:42
leg_cad,0.18185538850067284,0.11620615610867392,8.306069275053473e-18,2024-12-01 01:20:44
leg_cad,0.0902811130920505,0.268262486217363,6.495829217853532e-18,2024-12-01 01:20:46
leg_cad,0.08498126043597097,0.45601652688420047,-1.4935285160733938e-17,2024-12-01 01:20:47
leg_cad,0.38235228600788307,0.055919670316536135,8.394956348954773e-18,2024-12-01 01:20:49
leg_cad,0.3137049480800152,0.011672695719896065,6.495830423379876e-18,2024-12-01 01:20:51
leg_cad,0.1494456839188086,0.4755551748133976,-1.4797024549899357e-17,2024-12-01 01:20:52
leg_cad,0.577772792082817,0.43031901844881787,8.306070480579815e-18,2024-12-01 01:20:54
leg_cad,0.038521291327268586,0.35822803474174303,6.495830423379876e-18,2024-12-01 01:20:56
leg_cad,0.021299327076773022,0.2918024660464816,-1.4935283955207593e-17,2024-12-01 01:20:57
leg_cad,0.10645321747836438,0.3394456415034904,8.394957554481116e-18,2024-12-01 01:20:59
leg_cad,0.23664813698219275,0.0659641872735496,6.4958316289062196e-18,2024-12-01 01:21:01
leg_cad,0.2781024534673445,0.3216195601261772,-1.479702334437301e-17,2024-12-01 01:21:03
leg_cad,0.0011412579869046818,0.1755131715318289,8.306071686106159e-18,2024-12-01 01:21:05
leg_cad,0.09440048716477194,0.15629489838857435,6.4958316289062196e-18,2024-12-01 01:21:06
leg_cad,0.4091880562055833,0.26954090711673057,-1.493528274968125e-17,2024-12-01 01:21:08
leg_cad,0.32235451333382387,0.027886131529910284,8.39495876000746e-18,2024-12-01 01:21:10
leg_cad,0.4660887362933263,0.41756026788040657,6.4958328344325634e-18,2024-12-01 01:21:12
leg_cad,0.3922934858620134,0.35327699442611477,-1.4787146467038936e-17,2024-12-01 01:21:14
leg_cad,0.3515629829625683,0.4067337375199218,8.306072891632503e-18,2024-12-01 01:21:15
leg_cad,0.5225197287243585,0.21383039734447926,6.4958328344325634e-18,2024-12-01 01:21:17
leg_cad,0.1068641530935095,0.30761231520028165,-1.493034370825104e-17,2024-12-01 01:21:19
leg_cad,0.020725035644443064,0.45689297291823133,8.394959965533804e-18,2024-12-01 01:21:21
leg_cad,0.3743682148362847,0.24436177237152443,6.4958340399589065e-18,2024-12-01 01:21:22
leg_cad,0.24476387797850016,0.09696371949356308,-1.4787145261512593e-17,2024-12-01 01:21:24
leg_cad,0.46808346395380107,0.027411036334373175,8.306074097158847e-18,2024-12-01 01:21:26
leg_cad,0.23649996046597901,0.4729664172023031,6.4958340399589065e-18,2024-12-01 01:22:52
leg_cad,0.5726342128685298,0.3935420148499476,2.8185290302952287e-18,2024-12-01 02:00:31
leg_cad,0.47147859768616485,0.06505134006372801,2.4241483201062077e-18,2024-12-01 02:00:49
leg_cad,0.04881910183744977,0.11469349024839698,2.1657304875406443e-18,2024-12-01 02:00:51
leg_cad,0.5528964226431985,0.06972320820077807,1.485601457047647e-18,2024-12-01 02:00:56
leg_cad,0.6049658844397335,0.08836809850254836,1.4202631347445181e-18,2024-12-01 02:00:57
leg_cad,0.36800797483122505,0.2468099715525117,1.2211439375000601e-18,2024-12-01 02:04:41
leg_cad,0.1808833569335151,0.46618702146350294,-2.0907202273818723e-19,2024-12-04 01:14:18
leg_cad,0.32913590768888207,0.05542808122330031,-1.794353631042435e-19,2024-12-04 01:14:19
leg_cad,0.21922860663262947,0.3759302530743806,-1.7942692441983746e-19,2024-12-04 01:14:19
leg_cad,0.09386865382640011,0.4730539126024031,-1.7941848573543145e-19,2024-12-04 01:14:20
leg_cad,0.014552090649982244,0.15426660134365897,-1.5148688639625102e-17,2024-12-04 01:25:06
leg_cad,0.058854676133201694,0.1459099890479412,7.502147155376843e-18,2024-12-04 01:25:08
leg_cad,0.12975350610076997,0.3112418712734081,6.404070580201497e-18,2024-12-04 01:25:10
leg_cad,0.06364965748123788,0.3383295542719883,-1.501623746024089e-17,2024-12-04 01:25:10
leg_cad,0.466290327151293,0.22528112577874276,7.579350267954836e-18,2024-12-04 01:25:12
leg_cad,0.15379875516145644,0.1507414345612277,6.522315837151343e-18,2024-12-04 01:25:12
leg_cad,0.016465996196142682,-0.45335987431150704,-1.493564922968974e-17,2024-12-04 01:25:15
leg_cad,-0.2751637901140228,-0.23547836661616653,7.950495663395051e-18,2024-12-04 01:25:17
leg_cad,0.19912756756000202,-0.07689029786475386,6.527582781747043e-18,2024-12-04 01:25:17
leg_cad,-0.07775878255294559,-0.20520200902993038,-1.4935320120997905e-17,2024-12-04 01:25:19
leg_cad,0.0566100288574271,0.47270833556830183,8.12827824988206e-18,2024-12-04 01:25:19
leg_cad,0.014395073318506958,-0.4503430980599202,6.5279034517544715e-18,2024-12-04 01:25:20
leg_cad,0.4435792767474705,0.1854945680178574,2.955454810923449e-19,2024-12-04 01:33:37
leg_cad,0.007257918558715371,0.284193001319096,1.927470528863119e-19,2024-12-04 01:33:37
leg_cad,0.035145019725776515,0.364054422303594,1.927470528863119e-19,2024-12-04 01:33:38
leg_cad,0.09326664551976593,0.06922522270665558,1.927470528863119e-19,2024-12-04 01:33:38
leg_cad,0.4518727910079348,0.2934290069106171,1.927470528863119e-19,2024-12-04 01:33:39
leg_cad,0.1498025208098577,0.057953770615387805,1.927470528863119e-19,2024-12-04 01:33:39
leg_cad,0.3369855505559186,0.09527953398464278,-1.1564823173178714e-19,2024-12-04 01:33:39
leg_cad,0.34405674315216545,0.1730073305724378,1.927470528863119e-19,2024-12-04 01:33:40
leg_cad,0.4158229028642016,0.43324610445773043,-1.1564823173178714e-19,2024-12-04 01:33:40
leg_cad,0.5649484453862759,0.4010578147190828,8.994862468027888e-20,2024-12-04 01:33:40
leg_cad,0.055818509025995104,0.08579721912284338,-1.2849803525754127e-20,2024-12-04 01:33:41
leg_cad,0.1719157207110221,0.432847790322064,-1.2849803525754127e-20,2024-12-04 01:33:41
leg_cad,0.2678921306584012,0.36070702860282566,-1.2849803525754127e-20,2024-12-04 01:33:41
leg_cad,0.11849129304841387,0.2847641744674412,-1.2849803525754127e-20,2024-12-04 01:33:42
leg_cad,0.43123508886039735,0.44298596785086886,-1.2849803525754127e-20,2024-12-04 01:33:42
leg_cad,0.08342791823866427,0.4488366960737378,-1.2849803525754127e-20,2024-12-04 01:33:44
leg_cad,-0.2757520705194579,0.3342788245188116,-1.2849803525754127e-20,2024-12-04 01:33:44
leg_cad,-0.251548305352732,0.47848881886438627,-1.2849803525754127e-20,2024-12-04 01:33:45
leg_cad,-0.8381815623349703,0.3336632283064747,-1.2849803525754127e-20,2024-12-04 01:33:46
leg_cad,-1.0251539551411841,0.18457497513673837,-1.2849803525754127e-20,2024-12-04 01:33:47
leg_cad,-1.2590793950985901,0.09498600945847409,-1.2849803525754127e-20,2024-12-04 01:33:47
leg_cad,-1.1890657258407853,0.40520458795843645,-1.2849803525754127e-20,2024-12-04 01:33:48
leg_cad,-1.0008472120702303,0.5920171014910401,-1.2849803525754127e-20,2024-12-04 01:33:50
leg_cad,-1.0497503054661348,0.4182401897936038,-1.2849803525754127e-20,2024-12-04 01:33:50
leg_cad,-1.5656929115440974,0.46596379066724214,-1.2849803525754127e-20,2024-12-04 01:33:51
leg_cad,-1.9065653178888708,0.6730783329055561,-1.2849803525754127e-20,2024-12-04 01:33:51
leg_cad,-2.3225298912387267,0.9425806566774279,-1.2849803525754127e-20,2024-12-04 01:33:51
leg_cad,-2.672705187301812,0.464806597192675,-1.2849803525754127e-20,2024-12-04 01:33:51
leg_cad,-2.675615108762956,0.10276475885284977,-1.2849803525754127e-20,2024-12-04 01:33:51
leg_cad,-2.3520547870415345,0.142604703704212,-1.2849803525754127e-20,2024-12-04 01:33:52
leg_cad,-2.003335163363528,-0.043381749263904215,-1.2849803525754127e-20,2024-12-04 01:33:52
leg_cad,-2.3779708791144736,0.17883061226428293,-1.2849803525754127e-20,2024-12-04 01:33:52
leg_cad,-0.38419723038538217,-0.3576732447134633,1.4368928409391232e-05,2024-12-04 01:33:53
leg_cad,-0.7686197323385039,-0.47739641171043024,1.4368928409391232e-05,2024-12-04 01:33:53
leg_cad,-0.3982019959697976,-0.573142947514494,1.4368928409391232e-05,2024-12-04 01:33:54
leg_cad,-0.18821159615517233,-0.35393006168360586,1.4368928409391232e-05,2024-12-04 01:33:54
leg_cad,-0.25073205226476786,-0.9111504868698526,1.4368928409391232e-05,2024-12-04 01:33:54
leg_cad,-0.00693586916942231,-0.33896733459605355,1.4348798917720562e-05,2024-12-04 01:33:55
leg_cad,-0.34616749308553774,-0.783507139141561,1.4348798917720562e-05,2024-12-04 01:33:55
leg_cad,-0.8538892297015517,-0.7369885239783341,1.4348798917720562e-05,2024-12-04 01:33:55
leg_cad,-0.5018764960091896,-0.6230863230186544,1.4348798917720562e-05,2024-12-04 01:33:55
leg_cad,-0.39098558890588125,-0.4772104047134917,1.4348798917720562e-05,2024-12-04 01:33:56
leg_cad,-0.2609966080468148,0.03276376603906243,1.4348798917720562e-05,2024-12-04 01:33:56
leg_cad,0.015755413545154303,0.3363275622681502,1.4348798917720562e-05,2024-12-04 01:33:56
leg_cad,-0.2826029702743173,0.7757415858085772,1.4348798917720562e-05,2024-12-04 01:33:56
leg_cad,-0.7542749776269907,0.5969148473530549,1.4348798917720562e-05,2024-12-04 01:33:57
leg_cad,-0.6514243897253291,0.10682744636543492,1.4348798917720562e-05,2024-12-04 01:33:57
leg_cad,-1.1636056362138614,0.12166413756131857,1.4348798917720562e-05,2024-12-04 01:33:57
leg_cad,-0.8818538513039441,0.36529927500869686,1.4348798917720562e-05,2024-12-04 01:33:58
leg_cad,-0.9278566972607835,0.6121283337985145,1.4348798917720562e-05,2024-12-04 01:33:58
leg_cad,-0.5814591301256836,0.22114749005227705,1.4348798917720562e-05,2024-12-04 01:33:59
leg_cad,-0.6134188647612393,0.4317010988517828,1.4348798917720562e-05,2024-12-04 01:33:59
leg_cad,-0.3522947912927756,-0.15707489799706364,1.4348798917720562e-05,2024-12-04 01:34:00
leg_cad,-0.10090594391216248,-0.5416699497849157,1.4348798917720562e-05,2024-12-04 01:34:00
leg_cad,-0.42861225305903977,-0.7138804443904844,1.4348798917720562e-05,2024-12-04 01:34:00
leg_cad,-0.5631242589608452,-0.45609112313505373,1.4348798917720562e-05,2024-12-04 01:34:01
leg_cad,-0.46213716923109394,-0.31311328244318964,1.4348798917720562e-05,2024-12-04 01:34:01
leg_cad,-0.6627584985577044,0.17133246063013183,1.4348798917720562e-05,2024-12-04 01:34:01
leg_cad,-0.9605193194485282,0.3414135477108451,1.4348798917720562e-05,2024-12-04 01:34:02
leg_cad,-1.2754262248557056,-0.06125026233069684,1.4348798917720562e-05,2024-12-04 01:34:02
leg_cad,-1.723238478203667,0.20682905161118473,1.4348798917720562e-05,2024-12-04 01:34:02
leg_cad,-1.7999517439627373,0.6442045251429834,1.4348798917720562e-05,2024-12-04 01:34:02
leg_cad,-1.9267570268282332,0.14020060796424433,1.4348798917720562e-05,2024-12-04 01:34:02
leg_cad,-1.635623752230819,-0.1521512212522191,1.4348798917720562e-05,2024-12-04 01:34:03
leg_cad,-1.4759122384565833,-0.35211110782385624,1.4348798917720562e-05,2024-12-04 01:34:03
leg_cad,-1.2524194720139814,-0.3158632842669915,1.4348798917720562e-05,2024-12-04 01:34:03
leg_cad,-1.2433136473715607,-0.6563190788942647,1.4348798917720562e-05,2024-12-04 01:34:03
leg_cad,-0.8680559673242477,-0.5350906941435416,1.4348798917720562e-05,2024-12-04 01:34:03
leg_cad,-1.0654020364459442,-0.4199307106045392,1.4348798917720562e-05,2024-12-04 01:34:04
leg_cad,0.002492566589021126,0.040666266624877864,-4.625929269271486e-19,2024-12-04 01:37:20
leg_cad,0.26489708489509584,0.20189815968813313,-2.569960705150825e-19,2024-12-04 01:37:21
leg_cad,0.0028005482967031112,0.15807042997597132,-2.569960705150825e-19,2024-12-04 01:37:21
leg_cad,0.3276336109804257,0.10356331523959485,-2.569960705150825e-19,2024-12-04 01:37:22
leg_cad,0.7818718561008532,0.44647202480476383,-2.569960705150825e-19,2024-12-04 01:37:23
leg_cad,0.8424815261415407,0.5110015317048228,-2.569960705150825e-19,2024-12-04 01:37:24
leg_cad,1.3506505038358048,0.669593022790868,-2.569960705150825e-19,2024-12-04 01:37:24
leg_cad,1.5653927397035734,0.7295274377368884,-2.569960705150825e-19,2024-12-04 01:37:25
leg_cad,1.9818082748574175,0.7979660800717293,-2.569960705150825e-19,2024-12-04 01:37:25
leg_cad,0.15754483218891138,0.34095484940907134,-4.625929269271486e-19,2024-12-04 01:37:44
leg_cad,0.2992649063185747,0.2267299469566677,-2.569960705150825e-19,2024-12-04 01:37:44
leg_cad,0.4531564180090888,0.03204638124143107,-2.569960705150825e-19,2024-12-04 01:37:45
leg_cad,0.40034989678746036,0.13758714279488207,-2.569960705150825e-19,2024-12-04 01:37:46
leg_cad,0.011988938383253576,0.02056960497894231,-5.139921410301651e-20,2024-12-04 01:37:46
leg_cad,0.14821541205864067,0.3428005844772909,-5.139921410301651e-20,2024-12-04 01:37:47
leg_cad,0.15912155815610932,0.032830586875696344,-5.139921410301651e-20,2024-12-04 01:37:47
leg_cad,0.3662719646805202,0.2576388773320029,-5.139921410301651e-20,2024-12-04 01:37:47
leg_cad,0.24451546202648433,0.37644375432899085,-5.139921410301651e-20,2024-12-04 01:37:48
leg_cad,0.022069724761959404,0.3689205655650995,-5.139921410301651e-20,2024-12-04 01:37:48
leg_cad,0.2910455973460977,0.2512357567921292,-5.139921410301651e-20,2024-12-04 01:37:48
leg_cad,0.06578303848899585,0.3122233776118179,-5.139921410301651e-20,2024-12-04 01:37:48
leg_cad,0.14500820250803087,0.25306193210149835,-5.139921410301651e-20,2024-12-04 01:37:48
leg_cad,0.23861048518524675,0.23892236049825355,-5.139921410301651e-20,2024-12-04 01:37:49
leg_cad,0.28432479209191336,0.17064318330431685,-5.139921410301651e-20,2024-12-04 01:37:49
leg_cad,0.30300602672785565,0.024810914657849934,-5.139921410301651e-20,2024-12-04 01:37:49
leg_cad,0.40909405167150936,0.13747299378012556,-5.139921410301651e-20,2024-12-04 01:37:49
leg_cad,0.2078265860481152,0.035806182779520905,-5.139921410301651e-20,2024-12-04 01:37:49
leg_cad,0.01147988470455995,0.1682650429590306,-5.139921410301651e-20,2024-12-04 01:37:50
leg_cad,0.17761237924683676,0.22402182364015208,-5.139921410301651e-20,2024-12-04 01:37:50
leg_cad,0.2712155015549753,0.13447913858375493,-5.139921410301651e-20,2024-12-04 01:37:50
leg_cad,0.1434326631190376,0.33539075130419027,-5.139921410301651e-20,2024-12-04 01:37:50
leg_cad,0.36914673345964133,0.10289248949225993,-5.139921410301651e-20,2024-12-04 01:37:50
leg_cad,0.33086916638779806,0.18263099328372892,-5.139921410301651e-20,2024-12-04 01:37:50
leg_cad,0.32324303427247986,0.10337547408663585,-5.139921410301651e-20,2024-12-04 01:37:51
leg_cad,0.19863692285413168,0.007313971536224616,-5.139921410301651e-20,2024-12-04 01:37:51
leg_cad,0.1937537971749777,0.06975710549018395,-5.139921410301651e-20,2024-12-04 01:37:51
leg_cad,0.04739764973082215,0.17780211657411157,-5.139921410301651e-20,2024-12-04 01:37:51
leg_cad,0.3830144684646627,0.11996325126085765,-5.139921410301651e-20,2024-12-04 01:37:51
leg_cad,0.0937275199247619,0.34599949985041734,-5.139921410301651e-20,2024-12-04 01:37:51
leg_cad,0.24304448524006794,0.05636444592026094,-5.139921410301651e-20,2024-12-04 01:37:52
leg_cad,0.393209386621385,0.054340308807126946,-5.139921410301651e-20,2024-12-04 01:37:52
leg_cad,0.37622430906501686,0.3088025588507488,-5.139921410301651e-20,2024-12-04 01:37:52
leg_cad,0.11034396458733237,0.1162413329372918,-5.139921410301651e-20,2024-12-04 01:37:53
leg_cad,0.20679462984884678,0.2629338141886639,-5.139921410301651e-20,2024-12-04 01:37:53
leg_cad,0.37574419211070775,0.23263281884684195,-5.139921410301651e-20,2024-12-04 01:37:53
leg_cad,0.32170956544724016,0.2214063025575381,-5.139921410301651e-20,2024-12-04 01:37:54
leg_cad,0.2886201378506054,0.2043576667263356,-5.139921410301651e-20,2024-12-04 01:37:54
leg_cad,0.007725147942845345,0.2798196055923397,-5.139921410301651e-20,2024-12-04 01:37:54
leg_cad,0.19194899577782648,0.21847191935131338,-5.139921410301651e-20,2024-12-04 01:37:54
leg_cad,0.07497315655007172,0.3498766332411941,-5.139921410301651e-20,2024-12-04 01:37:54
leg_cad,0.3909693926393017,0.04688113438383566,-5.139921410301651e-20,2024-12-04 01:37:55
leg_cad,0.31066270400518353,0.1750627580869331,-5.139921410301651e-20,2024-12-04 01:37:55
leg_cad,0.17665518429784552,0.1316935772969747,-5.139921410301651e-20,2024-12-04 01:37:55
leg_cad,0.007460607892505149,0.08394666964384088,-5.139921410301651e-20,2024-12-04 01:37:56
leg_cad,0.17563559547657978,0.3013651953020625,-5.139921410301651e-20,2024-12-04 01:37:56
leg_cad,0.4473817385151085,0.21019627526118403,-5.139921410301651e-20,2024-12-04 01:37:56
leg_cad,0.04468703316966338,0.13882645668630372,-5.139921410301651e-20,2024-12-04 01:37:56
leg_cad,0.13311994341341737,0.14283564761154113,-5.139921410301651e-20,2024-12-04 01:37:57
leg_cad,0.5121335019960739,0.4624642089693068,-4.625929269271486e-19,2024-12-04 01:42:33
leg_cad,0.3018841824572926,0.4436082455564115,-2.569960705150825e-19,2024-12-04 01:42:34
leg_cad,0.533272174934244,0.43429361627731566,-2.569960705150825e-19,2024-12-04 01:42:34
leg_cad,0.4156096179405093,0.15230714049170252,-2.569960705150825e-19,2024-12-04 01:42:34
leg_cad,0.6386846607904992,0.19468226217106457,-5.139921410301651e-20,2024-12-04 01:42:35
leg_cad,0.0901705764770716,0.1465203804442124,-5.139921410301651e-20,2024-12-04 01:42:35
leg_cad,0.45308432231367723,0.20054170367349589,-5.139921410301651e-20,2024-12-04 01:42:35
leg_cad,0.6670717557524676,0.24318178302258026,-5.139921410301651e-20,2024-12-04 01:42:35
leg_cad,0.4581938288471702,0.31310745983112204,-5.139921410301651e-20,2024-12-04 01:42:36
leg_cad,0.20782838287700003,0.22216086331070134,-5.139921410301651e-20,2024-12-04 01:42:36
leg_cad,0.41526871327269516,0.1699209465084233,-5.139921410301651e-20,2024-12-04 01:42:36
leg_cad,0.3462785847877033,0.42588219952629536,-5.139921410301651e-20,2024-12-04 01:42:37
leg_cad,0.37472872376990907,0.12736518964187665,-5.139921410301651e-20,2024-12-04 01:42:37
leg_cad,0.41045364846370025,0.3362379360813531,-5.139921410301651e-20,2024-12-04 01:42:37
leg_cad,0.2924840997285187,0.028941762734159913,-5.139921410301651e-20,2024-12-04 01:42:37
leg_cad,0.17517100296916602,0.3109099610922372,-5.139921410301651e-20,2024-12-04 01:42:37
leg_cad,0.579858651721486,0.4215107568718876,-5.139921410301651e-20,2024-12-04 01:42:38
leg_cad,0.26479975034973274,0.08752121397127634,-5.139921410301651e-20,2024-12-04 01:42:38
leg_cad,0.12540930661483393,0.3476168874566366,-5.139921410301651e-20,2024-12-04 01:42:38
leg_cad,0.49516183121819324,0.4574580662785647,-5.139921410301651e-20,2024-12-04 01:42:38
leg_cad,0.38475946383111975,0.36371819841905134,-5.139921410301651e-20,2024-12-04 01:42:38
leg_cad,0.6393206023993689,0.031602178489331736,-5.139921410301651e-20,2024-12-04 01:42:38
leg_cad,0.5428338615064395,0.17945921926720312,-5.139921410301651e-20,2024-12-04 01:42:39
leg_cad,0.2507995068513447,0.1252508112987021,-5.139921410301651e-20,2024-12-04 01:42:39
leg_cad,0.25771284290568897,0.18465868006240513,-5.139921410301651e-20,2024-12-04 01:42:39
leg_cad,0.09042735333903862,0.29493113411153005,-5.139921410301651e-20,2024-12-04 01:42:41
leg_cad,0.30310196830309905,0.23542730679825158,-5.139921410301651e-20,2024-12-04 01:42:41
leg_cad,0.5116786801709718,0.3943840173762878,-5.139921410301651e-20,2024-12-04 01:42:42
leg_cad,0.2169048622585509,0.2709846649107905,-5.139921410301651e-20,2024-12-04 01:42:42
leg_cad,0.19218654419344086,0.561620259430484,-5.139921410301651e-20,2024-12-04 01:42:42
leg_cad,0.3025703242658648,0.040475613081407485,-5.139921410301651e-20,2024-12-04 01:42:42
leg_cad,0.46823302662645516,0.3284644982011848,-5.139921410301651e-20,2024-12-04 01:42:42
leg_cad,0.3563139095167876,0.5140236236307959,-5.139921410301651e-20,2024-12-04 01:42:42
leg_cad,0.5793975730369267,0.16446589043021284,-5.139921410301651e-20,2024-12-04 01:42:43
leg_cad,0.480714448923886,0.21633428985412093,-5.139921410301651e-20,2024-12-04 01:42:43
leg_cad,0.34622885160219297,0.16566017889504794,-5.139921410301651e-20,2024-12-04 01:42:43
leg_cad,0.5916574502740278,0.5254924327826616,-5.139921410301651e-20,2024-12-04 01:42:43
leg_cad,0.41683984464151735,0.4754322440458909,-5.139921410301651e-20,2024-12-04 01:42:43
leg_cad,0.45428874390617585,0.3676033680209668,-5.139921410301651e-20,2024-12-04 01:42:44
leg_cad,0.032766538132727785,0.41715706403954145,-5.139921410301651e-20,2024-12-04 01:42:44
leg_cad,0.18373898775760775,0.19335248164964755,-5.139921410301651e-20,2024-12-04 01:42:44
leg_cad,0.5518781778101204,0.518622135760795,-5.139921410301651e-20,2024-12-04 01:42:44
leg_cad,0.5901119394771389,0.3071478372595914,-5.139921410301651e-20,2024-12-04 01:42:44
leg_cad,0.41655315398393633,0.2596962068165228,-5.139921410301651e-20,2024-12-04 01:42:45
leg_cad,0.4563702663247109,0.1655496383153007,-5.139921410301651e-20,2024-12-04 01:42:45
leg_cad,0.27648937807657675,0.4331885227734684,-5.139921410301651e-20,2024-12-04 01:42:45
leg_cad,0.49041824302804815,0.05818753587901716,-5.139921410301651e-20,2024-12-04 01:42:45
leg_cad,0.6637964290099398,0.2856372983210838,-5.139921410301651e-20,2024-12-04 01:42:45
leg_cad,0.09734184307425083,0.3707820086354784,-5.139921410301651e-20,2024-12-04 01:42:46
leg_cad,0.2192664149152529,0.19330091722050796,-5.139921410301651e-20,2024-12-04 01:42:46
leg_cad,0.40443581740884993,0.4339672837946199,-5.139921410301651e-20,2024-12-04 01:42:46
leg_cad,0.3719167745415768,0.1943848862154198,-5.139921410301651e-20,2024-12-04 01:42:46
leg_cad,0.029234872224777393,0.347005400817259,-5.139921410301651e-20,2024-12-04 01:42:46
leg_cad,0.623641071962573,0.23929954619873767,-5.139921410301651e-20,2024-12-04 01:42:46
leg_cad,0.2934545856506756,0.42060895453133107,-5.139921410301651e-20,2024-12-04 01:42:47
leg_cad,0.3463351543050915,0.14323748763772898,-4.625929269271486e-19,2024-12-04 01:45:04
leg_cad,0.429949596930698,0.11581583322836594,-2.569960705150825e-19,2024-12-04 01:45:05
leg_cad,0.42546321411969296,0.04954315892361788,-2.569960705150825e-19,2024-12-04 01:45:06
leg_cad,0.15573166519728607,0.3968153066812214,-2.569960705150825e-19,2024-12-04 01:45:06
leg_cad,0.2557096661663899,0.30070114984589386,-5.139921410301651e-20,2024-12-04 01:45:06
leg_cad,0.3302049237145172,0.4130342035988951,-5.139921410301651e-20,2024-12-04 01:45:07
leg_cad,0.17496669727394018,0.4153444195826837,-5.139921410301651e-20,2024-12-04 01:45:07
leg_cad,0.07755985898076283,0.25587888581404017,-5.139921410301651e-20,2024-12-04 01:45:07
leg_cad,0.21937399355236528,0.16535783634914625,-5.139921410301651e-20,2024-12-04 01:45:08
leg_cad,0.0771871453942374,0.16697349480383816,-5.139921410301651e-20,2024-12-04 01:45:08
leg_cad,0.33272687821124486,0.3445921261974806,-5.139921410301651e-20,2024-12-04 01:45:09
leg_cad,0.33649139930892996,0.07417139072752066,-5.139921410301651e-20,2024-12-04 01:45:09
leg_cad,0.09262758191192874,0.20609596700116894,-5.139921410301651e-20,2024-12-04 01:45:09
leg_cad,0.27685888420950855,0.3074942605505726,-3.2124508814385315e-19,2024-12-04 02:00:14
leg_cad,0.4327352296794513,0.282776542920356,-2.1844665993782013e-19,2024-12-04 02:00:14
leg_cad,0.32197252488493994,0.18671183900515814,-2.1844665993782013e-19,2024-12-04 02:00:14
leg_cad,0.12258165072460148,0.39853764080784215,-1.2849803525754127e-20,2024-12-04 02:00:15
leg_cad,0.2375351171168712,0.37901384635658275,-1.2849803525754127e-20,2024-12-04 02:00:15
leg_cad,0.08762910245887177,0.09319519003321142,-1.2849803525754127e-20,2024-12-04 02:00:15
leg_cad,0.25861075254180244,0.06303358975609076,-1.2849803525754127e-20,2024-12-04 02:00:15
leg_cad,0.4179806072783464,0.3288380608245699,-1.2849803525754127e-20,2024-12-04 02:00:15
leg_cad,0.32340517090309717,0.14951519156309293,-1.2849803525754127e-20,2024-12-04 02:00:15
leg_cad,0.16763998899223412,0.09391275605392645,-1.2849803525754127e-20,2024-12-04 02:00:16
leg_cad,0.45330323896930336,0.26099130498707096,-1.2849803525754127e-20,2024-12-04 02:00:16
leg_cad,0.35083115529287745,0.1262596431601794,-1.2849803525754127e-20,2024-12-04 02:00:16
leg_cad,0.37597896950616105,0.17863567819115078,-1.2849803525754127e-20,2024-12-04 02:00:16
leg_cad,0.4590308666746808,0.23780500540900382,-1.2849803525754127e-20,2024-12-04 02:00:16
leg_cad,0.11112188769985376,0.17521361838372823,-1.2849803525754127e-20,2024-12-04 02:00:16
leg_cad,0.42182081874103716,0.1844042882398266,-1.2849803525754127e-20,2024-12-04 02:00:17
leg_cad,0.19210972652374977,0.12787582106764517,-1.2849803525754127e-20,2024-12-04 02:00:17
leg_cad,0.3572865851011932,0.14888011806959106,-1.2849803525754127e-20,2024-12-04 02:00:17
leg_cad,0.36961851901807735,0.15563736757928048,-1.2849803525754127e-20,2024-12-04 02:00:17
leg_cad,0.22676294795056087,0.18075979561372682,-1.2849803525754127e-20,2024-12-04 02:00:17
leg_cad,0.3745038989860334,0.074665635190489,-1.2849803525754127e-20,2024-12-04 02:00:17
leg_cad,0.0727770666180063,0.16211754460891808,-1.2849803525754127e-20,2024-12-04 02:00:18
leg_cad,0.1886453052614304,0.16754513769594376,-1.2849803525754127e-20,2024-12-04 02:00:18
leg_cad,0.41546892354202614,0.21314442452512217,-1.2849803525754127e-20,2024-12-04 02:00:19
leg_cad,0.138187434391444,0.3086552487443699,-1.2849803525754127e-20,2024-12-04 02:00:19
leg_cad,0.439791349051891,0.14274258739581558,-1.2849803525754127e-20,2024-12-04 02:00:19
leg_cad,0.2827253180231997,0.25261398912277383,-1.2849803525754127e-20,2024-12-04 02:00:20
leg_cad,0.3170691512840322,0.2209884770580306,-1.2849803525754127e-20,2024-12-04 02:00:20
leg_cad,0.36673862637479543,0.3927060409012142,-1.2849803525754127e-20,2024-12-04 02:00:20
leg_cad,0.32717463587009427,0.06508638661057055,-1.2849803525754127e-20,2024-12-04 02:00:20
leg_cad,0.10814094915330316,0.05916500430633049,-1.2849803525754127e-20,2024-12-04 02:00:20
leg_cad,0.018200889018419767,0.0804708831944844,-1.2849803525754127e-20,2024-12-04 02:00:20
leg_cad,0.24803302888565235,0.05109203779223949,-1.2849803525754127e-20,2024-12-04 02:00:21
leg_cad,0.4115535507534033,0.1626270379088024,-1.2849803525754127e-20,2024-12-04 02:00:21
leg_cad,0.16689953695030985,0.3720609403841121,-1.2849803525754127e-20,2024-12-04 02:00:21
leg_cad,0.455956158402043,0.2770174396187989,-1.2849803525754127e-20,2024-12-04 02:00:21
leg_cad,0.2359221412004232,0.2110028103420744,-1.2849803525754127e-20,2024-12-04 02:00:22
leg_cad,0.36378983385532065,0.19875641227229002,-1.2849803525754127e-20,2024-12-04 02:00:22
leg_cad,0.19603991044120853,0.17824907835646625,-1.2849803525754127e-20,2024-12-04 02:00:22
leg_cad,0.31889564624191924,0.060649031049238314,-1.2849803525754127e-20,2024-12-04 02:00:22
leg_cad,0.18822095898825156,0.43153777175947033,-4.625929269271486e-19,2024-12-04 02:19:31
leg_cad,0.5921670940342173,0.10739373588835613,-2.569960705150825e-19,2024-12-04 02:19:31
leg_cad,0.5690866739436564,0.25802555490707024,-2.569960705150825e-19,2024-12-04 02:19:31
leg_cad,0.546910231058894,0.46538892963189965,-2.569960705150825e-19,2024-12-04 02:19:32
leg_cad,0.3097016359880336,0.20290327336260103,-5.139921410301651e-20,2024-12-04 02:19:32
leg_cad,0.4112021441884987,0.13747653078710342,-5.139921410301651e-20,2024-12-04 02:19:33
leg_cad,0.4422143993791101,0.31162976536390175,-5.139921410301651e-20,2024-12-04 02:19:33
leg_cad,0.46998975465875653,0.42256512257689594,-5.139921410301651e-20,2024-12-04 02:19:33
